Number,SAT,Pairs,Evals,Backtracks,Runtime
1,True,40,4,1,13.711612224578857
2,True,44,15,6,11.503726243972778
3,True,41,34,15,13.188437938690186
4,True,45,5,1,10.062642812728882
5,True,44,6,2,10.13952898979187
6,True,45,12,5,11.252685785293579
7,True,48,21,9,17.05715584754944
8,True,43,16,6,11.562769174575806
9,True,45,6,2,10.44038701057434
10,True,46,9,3,10.474008083343506
11,True,44,15,5,10.979558944702148
12,True,43,14,6,11.624857902526855
13,True,49,22,8,11.507149934768677
14,True,43,20,8,12.548963069915771
15,True,50,32,13,13.500402927398682
16,True,46,37,18,13.985748052597046
17,True,44,15,5,11.313183069229126
18,True,47,17,6,11.785404920578003
19,True,49,10,4,10.875164031982422
20,True,45,38,18,12.07435393333435
21,True,42,45,20,14.451471090316772
22,True,48,9,3,11.276542901992798
23,True,47,9,2,10.366722822189331
24,True,50,21,8,10.611711025238037
25,True,46,17,7,10.86867094039917
26,True,44,14,6,11.673571109771729
27,True,43,25,11,12.40475583076477
28,True,49,16,6,10.926860094070435
29,True,47,4,0,9.868165016174316
30,True,52,8,3,10.341880083084106
31,True,46,9,4,10.5691499710083
32,True,45,10,4,10.90553092956543
33,True,52,60,27,12.744922161102295
34,True,41,16,5,10.70465898513794
35,True,46,55,27,14.813898086547852
36,True,46,47,22,14.651308059692383
37,True,40,4,0,9.81172490119934
38,True,42,7,0,9.836079120635986
39,True,44,24,10,13.395339965820312
40,True,45,16,7,12.437318086624146
41,True,46,6,1,10.499708890914917
42,True,46,11,4,10.984169006347656
43,True,44,9,2,10.664206743240356
44,True,45,57,27,16.329030752182007
45,True,42,19,9,11.674140930175781
46,True,41,2,0,10.16041874885559
47,True,45,6,1,10.43833327293396
48,True,45,25,11,12.179630279541016
49,True,41,26,11,12.559492826461792
50,True,43,43,18,12.752656936645508
51,True,44,4,0,9.976120710372925
52,True,47,66,31,15.051123857498169
53,True,45,2,0,10.172201871871948
54,True,40,5,0,10.027036190032959
55,True,41,3,0,9.932981014251709
56,True,40,10,4,10.785140991210938
57,True,43,12,4,10.349424839019775
58,True,42,13,5,10.934268951416016
59,True,51,19,8,11.277841091156006
60,True,28,27,13,12.215348243713379
61,True,44,4,0,12.313553094863892
62,True,43,15,6,22.90464210510254
63,True,43,37,17,13.650002002716064
64,True,43,39,17,11.897418975830078
65,True,44,24,10,10.596285104751587
66,True,43,21,10,9.93054986000061
67,True,44,30,13,10.592896938323975
68,True,45,42,19,11.220332860946655
69,True,45,51,24,18.855729341506958
70,True,39,14,5,15.614110231399536
71,True,44,38,18,14.924472093582153
72,True,43,30,13,17.575443983078003
73,True,47,17,7,11.087410926818848
74,True,45,11,3,13.532963991165161
75,True,52,4,0,10.683364152908325
76,True,49,14,5,10.96889328956604
77,True,42,39,18,13.58987021446228
78,True,45,45,21,12.125483989715576
79,True,30,54,24,14.022366046905518
80,True,47,14,5,9.718852043151855
81,True,42,9,3,10.896724939346313
82,True,43,48,23,14.632426977157593
83,True,49,27,12,10.14795708656311
84,True,48,3,0,9.772449016571045
85,True,46,10,3,10.275312185287476
86,True,47,8,2,9.867176294326782
87,True,40,89,41,14.873170852661133
88,True,46,24,11,11.841910123825073
89,True,43,5,1,9.84517216682434
90,True,44,9,4,9.990705251693726
91,True,49,20,9,10.912616968154907
92,True,44,5,0,9.740004062652588
93,True,29,34,16,13.550327777862549
94,True,43,12,4,11.623357057571411
95,True,42,8,2,10.358164310455322
96,True,41,13,5,14.216259956359863
97,True,44,35,14,14.221506834030151
98,True,50,37,17,12.58987808227539
99,True,44,73,35,16.280482053756714
100,True,46,19,7,10.862170219421387
101,True,31,351,173,44.600862979888916
102,True,31,250,122,36.24815797805786
103,True,29,14,5,11.444231271743774
104,True,47,11,4,10.645570993423462
105,True,46,4,0,10.225239038467407
106,True,43,13,6,11.425956010818481
107,True,42,36,16,12.448247194290161
108,True,40,22,8,11.836696147918701
109,True,40,36,17,12.97109603881836
110,True,42,16,6,10.76692795753479
111,True,38,15,6,13.767151117324829
112,True,46,9,3,10.409649848937988
113,True,45,7,3,11.684643983840942
114,True,28,508,253,67.27214193344116
115,True,44,9,3,10.725736856460571
116,True,28,15,5,11.241891145706177
117,True,47,18,7,13.031853914260864
118,True,47,36,17,14.285239934921265
119,True,39,15,6,11.339955806732178
120,True,44,60,29,12.896480083465576
121,True,42,26,12,12.588410139083862
122,True,43,23,10,12.330320835113525
123,True,45,20,9,10.655511140823364
124,True,43,16,7,10.436450958251953
125,True,48,9,3,10.409608840942383
126,True,29,14,5,10.578650951385498
127,True,43,4,0,9.947584867477417
128,True,51,2,0,9.952051162719727
129,True,46,26,12,11.578192949295044
130,True,46,24,11,12.2605721950531
131,True,46,4,0,9.614892959594727
132,True,47,12,4,10.772454977035522
133,True,47,11,4,10.254418134689331
134,True,44,9,3,9.985440015792847
135,True,43,15,5,10.73132610321045
136,True,48,24,11,12.698431015014648
137,True,46,14,6,10.729499816894531
138,True,41,17,8,11.416590690612793
139,True,44,8,3,10.447316884994507
140,True,48,20,8,10.979032039642334
141,True,44,10,2,10.09346890449524
142,True,45,6,1,10.173503875732422
143,True,46,9,3,10.517108917236328
144,True,31,254,125,33.95867395401001
145,True,31,347,171,42.73357391357422
146,True,31,241,118,34.89299702644348
147,True,31,282,138,38.248594999313354
148,True,47,16,7,10.591694831848145
149,True,46,19,8,11.202295064926147
150,True,43,61,29,15.84682822227478
151,True,43,41,18,11.956446886062622
152,True,43,35,15,12.012098789215088
153,True,45,7,2,10.164752006530762
154,True,45,8,2,10.169456958770752
155,True,45,57,27,14.187103986740112
156,True,50,4,0,9.840908765792847
157,True,47,26,12,12.291495084762573
158,True,42,24,10,11.939342021942139
159,True,44,12,5,10.802679061889648
160,True,47,19,8,12.234076976776123
161,True,48,18,7,11.725996971130371
162,True,44,27,12,12.666817903518677
163,True,41,15,7,10.660497188568115
164,True,48,49,24,15.645532131195068
165,True,51,8,3,10.58578610420227
166,True,49,25,11,11.220396041870117
167,True,48,16,7,10.993700981140137
168,True,43,10,2,10.465245962142944
169,True,41,47,22,13.487112998962402
170,True,40,9,3,10.598239183425903
171,True,47,29,13,11.719438791275024
172,True,45,12,4,10.230963945388794
173,True,45,13,5,10.61033010482788
174,True,50,26,11,11.445528030395508
175,True,43,74,36,13.586947679519653
176,True,42,35,16,12.744150876998901
177,True,46,14,6,10.981394052505493
178,True,41,20,9,11.437613010406494
179,True,50,29,14,12.07542085647583
180,True,43,25,11,11.307623147964478
181,True,42,57,28,13.972002029418945
182,True,44,31,14,11.564168930053711
183,True,42,10,4,10.573415040969849
184,True,46,21,9,11.299588918685913
185,True,44,14,5,10.333303213119507
186,True,43,13,5,10.734601020812988
187,True,43,4,1,9.946329116821289
188,True,42,21,8,11.27811884880066
189,True,43,12,5,10.78633427619934
190,True,46,16,6,12.157351016998291
191,True,43,19,8,11.13594913482666
192,True,44,35,16,13.070872783660889
193,True,43,14,6,9.98584771156311
194,True,47,24,10,11.84517765045166
195,True,48,8,2,10.215868949890137
196,True,46,20,8,11.31310486793518
197,True,44,12,5,10.631667137145996
198,True,45,5,2,10.349037170410156
199,True,43,181,90,12.709578037261963
200,True,44,5,1,9.907044887542725
201,True,44,67,32,14.30596113204956
202,True,41,10,3,10.959076881408691
203,True,48,18,7,10.67486310005188
204,True,41,153,75,24.130701065063477
205,True,48,17,7,11.136460065841675
206,True,45,3,1,10.246913194656372
207,True,45,9,2,10.393603086471558
208,True,47,23,11,11.55250096321106
209,True,45,51,25,13.825287818908691
210,True,41,18,8,10.842594146728516
211,True,47,11,4,11.084285974502563
212,True,47,9,3,10.585140228271484
213,True,42,9,4,10.199867010116577
214,True,46,12,5,11.008799076080322
215,True,43,2,0,10.95871090888977
216,True,49,16,6,10.786811828613281
217,True,45,38,18,13.312841892242432
218,True,47,18,8,11.947167158126831
219,True,47,5,1,10.251268148422241
220,True,45,12,5,10.461734771728516
221,True,44,4,0,9.859647989273071
222,True,41,13,5,11.130007028579712
223,True,43,22,9,11.555395126342773
224,True,48,16,6,14.77881121635437
225,True,38,123,61,22.9029438495636
226,True,47,11,5,11.016196966171265
227,True,44,9,4,10.527543067932129
228,True,47,14,6,10.427117824554443
229,True,43,28,13,12.393769979476929
230,True,47,3,0,10.23408317565918
231,True,37,20,8,11.807671070098877
232,True,43,5,1,10.088018894195557
233,True,49,33,14,11.978059768676758
234,True,45,90,44,18.219653129577637
235,True,45,7,3,11.252047300338745
236,True,44,20,8,11.444661140441895
237,True,43,6,1,8.827231168746948
238,True,49,9,3,8.63473629951477
239,True,45,3,0,94.06067609786987
240,True,46,27,13,13.92516303062439
241,True,47,3,0,8.947541952133179
242,True,43,18,7,10.280900001525879
243,True,45,17,7,10.12661600112915
244,True,47,48,23,426.26615285873413
245,True,42,55,26,14.74321174621582
246,True,40,10,4,12.20839810371399
247,True,40,15,6,9.928734064102173
248,True,47,17,7,1258.5116500854492
249,True,47,5,1,8.783386945724487
250,True,45,20,9,10.37620496749878
251,True,43,11,4,13.387642860412598
252,True,46,10,4,15.502586126327515
253,True,44,6,1,8.618658065795898
254,True,46,13,5,8.847056150436401
255,True,44,9,3,8.861053943634033
256,True,41,21,10,10.227391958236694
257,True,41,149,73,18.399450063705444
258,True,44,28,12,10.578203201293945
259,True,46,130,63,16.05920100212097
260,True,45,17,7,9.706312894821167
261,True,47,5,2,9.561922073364258
262,True,46,46,22,12.590880870819092
263,True,42,10,3,13.253432035446167
264,True,44,4,0,9.45762300491333
265,True,49,9,3,9.07564091682434
266,True,48,6,2,8.765835046768188
267,True,43,14,5,8.951089143753052
268,True,44,13,5,9.130455732345581
269,True,44,25,11,9.859889268875122
270,True,47,9,4,9.294387102127075
271,True,51,19,8,9.891008138656616
272,True,43,8,2,8.377226114273071
273,True,48,33,15,10.9167959690094
274,True,44,11,3,8.494406938552856
275,True,46,17,8,9.33169412612915
276,True,47,15,6,9.433629035949707
277,True,46,24,10,9.11319899559021
278,True,44,32,15,9.70914101600647
279,True,42,18,7,9.533082008361816
280,True,47,26,12,10.06486201286316
281,True,41,4,0,8.054930925369263
282,True,42,9,3,9.068397045135498
283,True,42,27,13,10.230303049087524
284,True,43,25,11,9.378619909286499
285,True,43,11,4,8.282289981842041
286,True,45,10,4,9.177221775054932
287,True,44,2,0,8.40158200263977
288,True,46,10,4,8.506373167037964
289,True,46,13,4,8.850563764572144
290,True,44,10,2,8.41132402420044
291,True,47,13,6,9.65099310874939
292,True,27,47,22,12.543726682662964
293,True,34,75,35,18.256036043167114
294,True,47,33,15,10.010374307632446
295,True,30,1138,567,151.06951808929443
296,True,42,21,9,15.165107011795044
297,True,47,31,14,10.56755805015564
298,True,43,12,3,8.90831708908081
299,True,47,36,16,16.72966480255127
300,True,43,26,12,11.2012939453125
301,True,45,30,13,9.921293020248413
302,True,43,5,1,8.538958072662354
303,True,42,22,9,9.931831121444702
304,True,47,2,0,9.21295690536499
305,True,45,6,1,8.951810121536255
306,True,45,16,6,9.652068138122559
307,True,45,13,6,10.369166135787964
308,True,43,22,8,9.898733139038086
309,True,42,21,9,10.395972728729248
310,True,46,21,9,10.33590292930603
311,True,27,94,44,14.638319969177246
312,True,50,28,13,18.905903100967407
313,True,46,15,6,16.512475728988647
314,True,47,5,1,26.871490001678467
315,True,42,5,2,11.494140863418579
316,True,43,8,3,10.133815050125122
317,True,47,7,2,9.744768857955933
318,True,43,25,12,10.861569881439209
319,True,29,9,2,9.355304956436157
320,True,46,4,0,8.696002960205078
321,True,30,23,10,11.85476803779602
322,True,30,9,3,9.618906021118164
323,True,43,27,12,15.012843132019043
324,True,46,17,7,12.867767810821533
325,True,49,10,3,8.929850101470947
326,True,41,84,41,14.722563028335571
327,True,46,4,1,8.833066940307617
328,True,51,14,5,8.999334812164307
329,True,31,26,11,11.071815252304077
330,True,31,90,44,21.97051477432251
331,True,28,33,16,18.940213918685913
332,True,46,8,2,19.83147406578064
333,True,44,12,4,14.66604471206665
334,True,44,16,7,13.768910884857178
335,True,50,23,10,12.314994812011719
336,True,49,36,16,13.429832935333252
337,True,40,30,14,12.965699195861816
338,True,42,4,1,8.860719203948975
339,True,43,26,11,11.116495132446289
340,True,43,29,13,18.083091974258423
341,True,49,14,5,9.802999019622803
342,True,44,8,3,8.98411512374878
343,True,48,18,6,9.283701181411743
344,True,44,3,0,47.278552770614624
345,True,50,4,1,9.107222080230713
346,True,50,35,15,10.171946287155151
347,True,45,16,7,9.722210884094238
348,True,48,12,5,64.60036087036133
349,True,47,9,2,9.349985122680664
350,True,44,17,7,13.528713941574097
351,True,45,31,12,9.781461954116821
352,True,43,7,2,8.961088180541992
353,True,43,41,19,48.88208889961243
354,True,47,14,6,9.536281108856201
355,True,46,8,2,9.130537033081055
356,True,43,29,13,11.42510986328125
357,True,44,7,1,521.6286859512329
358,True,44,6,1,9.266072988510132
359,True,43,162,80,28.24801015853882
360,True,50,6,1,11.741894006729126
361,True,46,7,1,8.858021974563599
362,True,49,23,10,10.437745809555054
363,True,43,56,27,13.455099821090698
364,True,43,9,4,10.06577181816101
365,True,44,36,17,11.91713809967041
366,True,47,5,1,10.479014873504639
367,True,51,7,2,9.215374231338501
368,True,43,10,3,8.753880262374878
369,True,50,8,3,8.88475227355957
370,True,48,8,2,8.450212001800537
371,True,43,26,11,9.570922136306763
372,True,47,23,10,9.047968864440918
373,True,50,18,8,9.409612894058228
374,True,47,15,5,8.512397050857544
375,True,46,14,3,8.668460130691528
376,True,49,8,1,7.977214813232422
377,True,45,40,18,10.472464799880981
378,True,43,13,5,9.026376247406006
379,True,43,14,5,8.682582139968872
380,True,43,46,21,13.184264898300171
381,True,49,19,7,8.75545597076416
382,True,43,7,1,8.371567010879517
383,True,46,21,9,9.158138275146484
384,True,45,6,1,8.057540893554688
385,True,46,7,1,7.96210503578186
386,True,46,18,7,9.451388120651245
387,True,46,90,43,13.604100942611694
388,True,45,42,20,10.072583198547363
389,True,48,43,21,10.245325088500977
390,True,45,6,2,8.517152070999146
391,True,51,5,1,8.207577228546143
392,True,48,26,12,9.921426773071289
393,True,46,6,2,8.362307071685791
394,True,41,18,7,9.11852502822876
395,True,49,8,3,8.470207929611206
396,True,48,14,6,8.967794179916382
397,True,29,11,4,8.521346807479858
398,True,43,13,5,9.202808856964111
399,True,47,11,4,8.959939956665039
400,True,47,10,4,8.56639575958252
401,True,48,71,32,10.925481081008911
402,True,30,7,0,8.00528883934021
403,True,44,22,10,9.873595952987671
404,True,46,36,16,10.177196979522705
405,True,45,53,24,10.605163097381592
406,True,46,26,11,9.899409770965576
407,True,41,10,4,9.132657051086426
408,True,48,20,9,9.71652626991272
409,True,47,5,1,8.106550931930542
410,True,44,14,6,9.443994998931885
411,True,42,25,10,10.091413974761963
412,True,50,8,3,8.373029232025146
413,True,45,12,5,8.522227048873901
414,True,46,26,11,9.65397310256958
415,True,44,5,1,7.987646102905273
416,True,42,15,6,9.209832191467285
417,True,47,13,6,9.001582860946655
418,True,49,31,15,9.88469386100769
419,True,44,9,3,8.54039192199707
420,True,46,23,10,9.17233681678772
421,True,46,9,3,8.250140905380249
422,True,30,6,1,8.296810150146484
423,True,50,39,18,10.028597116470337
424,True,44,16,6,8.7636878490448
425,True,47,19,8,13.150544881820679
426,True,46,3,0,9.717317819595337
427,True,44,7,2,8.769728899002075
428,True,49,10,2,8.692821025848389
429,True,43,20,9,9.591239213943481
430,True,46,4,1,8.77097487449646
431,True,43,18,8,9.864907026290894
432,True,41,59,29,13.633952140808105
433,True,46,16,7,11.880084991455078
434,True,43,18,8,12.137427806854248
435,True,47,5,1,9.411465883255005
436,True,38,21,9,9.934345006942749
437,True,47,24,10,9.240013122558594
438,True,39,4,0,7.991378307342529
439,True,44,60,28,11.672432899475098
440,True,43,10,3,8.343623876571655
441,True,45,20,9,9.825218200683594
442,True,43,19,8,9.535969018936157
443,True,47,7,1,8.211323738098145
444,True,46,7,1,7.964866876602173
445,True,40,4,1,8.10321593284607
446,True,46,6,1,8.187100172042847
447,True,44,27,13,10.158907175064087
448,True,52,9,2,8.156079769134521
449,True,40,18,8,8.839846849441528
450,True,45,14,6,8.923732995986938
451,True,44,11,4,8.705626010894775
452,True,49,8,1,8.206369876861572
453,True,40,24,11,10.329948902130127
454,True,47,31,12,8.93189811706543
455,True,43,26,12,9.467998027801514
456,True,45,14,5,8.825486898422241
457,True,47,7,1,8.258044719696045
458,True,49,14,6,8.86561894416809
459,True,30,12,4,9.63748288154602
460,True,43,42,18,11.529841899871826
461,True,42,7,2,8.51607608795166
462,True,43,11,4,8.620476961135864
463,True,49,21,10,9.065650939941406
464,True,48,28,13,9.446545124053955
465,True,45,35,16,8.84865689277649
466,True,31,25,11,10.453485012054443
467,True,45,29,13,9.803699970245361
468,True,28,116,57,12.241398096084595
469,True,46,7,2,8.352919101715088
470,True,48,5,0,8.015815019607544
471,True,46,4,1,8.336087226867676
472,True,42,22,9,10.100216150283813
473,True,45,9,3,8.57930612564087
474,True,44,30,14,10.387585639953613
475,True,43,5,1,8.501015901565552
476,True,45,9,3,8.573961973190308
477,True,45,6,2,8.528625011444092
478,True,44,20,8,9.367048978805542
479,True,49,21,8,9.931512832641602
480,True,46,25,11,11.200247049331665
481,True,42,19,7,9.570455074310303
482,True,44,19,8,10.536499261856079
483,True,40,3,0,6.837946891784668
484,True,50,4,1,8.078138828277588
485,True,45,7,2,8.436093807220459
486,True,43,9,2,8.265639066696167
487,True,47,44,21,12.596323728561401
488,True,51,16,6,8.74566388130188
489,True,50,9,2,8.197091102600098
490,True,42,39,17,12.1215660572052
491,True,51,39,19,9.852097034454346
492,True,47,11,3,8.529392957687378
493,True,45,45,21,12.458286762237549
494,True,40,9,2,8.315946102142334
495,True,45,6,1,8.248778104782104
496,True,50,17,8,9.104065656661987
497,True,46,24,11,9.002224922180176
498,True,29,6,1,8.109835863113403
499,True,51,14,5,8.884716749191284
500,True,46,65,31,12.509430885314941
501,True,41,39,17,10.269057989120483
502,True,40,62,29,12.551772832870483
503,True,43,3,0,7.957690000534058
504,True,46,44,21,12.491865873336792
505,True,41,24,11,9.482980966567993
506,True,45,9,3,8.092508316040039
507,True,43,62,30,12.881224870681763
508,True,49,41,20,10.49073600769043
509,True,39,37,17,10.423911094665527
510,True,51,32,15,9.446974039077759
511,True,49,14,6,8.557982921600342
512,True,43,8,1,8.183165073394775
513,True,46,62,29,12.193037986755371
514,True,46,6,1,8.010265827178955
515,True,48,57,28,12.38124394416809
516,True,46,18,6,9.316170930862427
517,True,44,20,8,8.75116515159607
518,True,48,16,7,8.700138330459595
519,True,46,20,9,9.035835981369019
520,True,48,32,15,9.508265972137451
521,True,50,13,5,8.621418952941895
522,True,30,15,5,8.574716806411743
523,True,44,26,11,10.029253959655762
524,True,46,13,5,8.568665027618408
525,True,42,30,13,9.92826795578003
526,True,42,28,13,9.280119180679321
527,True,45,84,39,12.613310098648071
528,True,51,7,2,8.183940172195435
529,True,49,6,2,8.329895257949829
530,True,29,50,24,11.402729034423828
531,True,50,11,4,8.455538034439087
532,True,51,3,0,8.100411891937256
533,True,51,13,5,8.759921789169312
534,True,42,31,13,9.840699911117554
535,True,47,7,1,8.22591495513916
536,True,51,10,2,8.240708112716675
537,True,46,35,16,9.412297010421753
538,True,47,8,1,8.00330114364624
539,True,46,25,12,9.126296043395996
540,True,46,5,0,7.928930044174194
541,True,46,29,14,10.452186822891235
542,True,47,21,8,9.044878005981445
543,True,50,12,4,8.861741065979004
544,True,47,13,5,8.582551956176758
545,True,40,17,7,9.76868224143982
546,True,46,28,13,10.569982051849365
547,True,41,21,10,9.295592069625854
548,True,44,6,2,8.287045001983643
549,True,46,47,23,11.219229221343994
550,True,46,32,13,9.93280291557312
551,True,43,19,8,9.657159805297852
552,True,32,8,1,8.050907135009766
553,True,31,112,54,13.15637493133545
554,True,31,144,71,16.814501762390137
555,True,31,157,76,16.705474138259888
556,True,48,5,1,8.083900213241577
557,True,48,6,1,8.08885407447815
558,True,44,102,49,15.210175037384033
559,True,31,226,111,20.72523808479309
560,True,30,8,1,7.939375877380371
561,True,44,27,13,9.32711911201477
562,True,41,47,21,11.130148887634277
563,True,46,9,2,8.195905923843384
564,True,43,9,3,8.677284002304077
565,True,44,3,0,7.999690055847168
566,True,48,18,8,9.1704261302948
567,True,43,2,0,8.53748869895935
568,True,48,14,6,9.090287923812866
569,True,29,108,49,16.25428318977356
570,True,46,12,0,8.127985000610352
571,True,45,7,1,8.221073865890503
572,True,42,46,21,11.794091701507568
573,True,52,26,12,11.704094171524048
574,True,28,13,3,9.165457010269165
575,True,45,77,36,12.82761526107788
576,True,44,5,1,8.690068244934082
577,True,46,6,2,8.773544788360596
578,True,42,36,16,10.103035926818848
579,True,44,18,7,9.184920072555542
580,True,46,10,4,8.939489126205444
581,True,48,11,2,8.529967784881592
582,True,48,15,6,9.208761930465698
583,True,46,7,1,8.190655946731567
584,True,47,19,7,8.762219190597534
585,True,41,30,14,10.506781101226807
586,True,42,42,20,12.25942611694336
587,True,46,6,2,8.42630410194397
588,True,41,9,3,8.452885866165161
589,True,47,42,18,9.993754863739014
590,True,47,16,7,9.207776069641113
591,True,45,19,9,9.284693956375122
592,True,46,4,1,8.177222967147827
593,True,50,43,21,10.919823169708252
594,True,44,12,4,8.606191873550415
595,True,47,35,15,10.847954034805298
596,True,49,22,9,8.5765860080719
597,True,46,37,17,9.389138221740723
598,True,48,13,5,8.58428692817688
599,True,43,59,28,13.456100225448608
600,True,49,46,21,11.743114948272705
601,True,46,6,1,8.038638830184937
602,True,47,20,9,9.263761281967163
603,True,47,20,8,8.725412130355835
604,True,47,22,9,9.345798969268799
605,True,27,192,94,29.204694032669067
606,True,41,27,12,9.905623197555542
607,True,45,23,10,9.266826868057251
608,True,42,13,4,8.427674055099487
609,True,43,13,5,8.61182188987732
610,True,49,23,11,9.64293098449707
611,True,40,58,27,14.008859157562256
612,True,45,28,12,9.987303256988525
613,True,45,28,13,9.627150058746338
614,True,44,27,11,10.878534078598022
615,True,40,12,5,8.652065992355347
616,True,48,35,16,10.045170068740845
617,True,51,31,15,9.932857751846313
618,True,41,2,0,7.980180025100708
619,True,43,9,3,8.237185001373291
620,True,44,5,1,8.265352010726929
621,True,45,21,7,8.994719982147217
622,True,46,52,25,13.041125059127808
623,True,51,16,7,8.646124839782715
624,True,45,22,9,9.438008785247803
625,True,44,15,6,8.932570219039917
626,True,40,10,4,8.760387897491455
627,True,46,6,2,8.45753812789917
628,True,46,16,5,9.248223066329956
629,True,44,16,7,8.986047983169556
630,True,44,15,6,8.884698867797852
631,True,40,97,47,16.193750143051147
632,True,31,12,5,8.756802082061768
633,True,39,8,2,7.990213871002197
634,True,42,4,1,8.138596057891846
635,True,45,22,9,9.33861494064331
636,True,42,15,6,8.76270318031311
637,True,47,8,3,8.448484897613525
638,True,44,7,3,8.733096837997437
639,True,49,22,9,9.13627815246582
640,True,41,10,4,8.665846109390259
641,True,45,26,11,9.952131032943726
642,True,39,12,5,9.255331993103027
643,True,48,23,11,9.721256017684937
644,True,42,27,13,10.554740905761719
645,True,46,46,22,11.321958065032959
646,True,38,41,20,11.204299211502075
647,True,49,30,13,9.876811981201172
648,True,47,94,46,14.014067888259888
649,True,47,3,0,8.001871824264526
650,True,50,27,12,8.652359008789062
651,True,30,87,42,12.60430908203125
652,True,31,108,52,14.769204139709473
653,True,41,9,3,8.20033884048462
654,True,46,9,3,8.690964221954346
655,True,42,15,7,9.248756885528564
656,True,51,5,1,8.094802856445312
657,True,44,39,18,10.769438028335571
658,True,49,25,11,8.846226215362549
659,True,48,26,12,10.66807222366333
660,True,45,29,14,9.029573678970337
661,True,44,69,32,13.012753963470459
662,True,47,4,0,8.506564140319824
663,True,44,21,9,9.095005989074707
664,True,46,31,15,9.895632028579712
665,True,45,22,10,9.776862144470215
666,True,46,4,1,8.249887943267822
667,True,40,19,8,9.632220983505249
668,True,44,20,9,9.347077131271362
669,True,43,26,12,10.429304838180542
670,True,41,25,10,9.409580707550049
671,True,42,10,4,8.575984001159668
672,True,42,4,0,7.9452080726623535
673,True,46,9,2,8.292635917663574
674,True,46,53,25,11.533058881759644
675,True,43,10,4,8.429184198379517
676,True,47,15,6,9.06836986541748
677,True,45,7,2,8.00484299659729
678,True,46,34,15,8.93690800666809
679,True,41,30,14,10.51279592514038
680,True,49,5,1,7.976877927780151
681,True,43,5,1,7.914505958557129
682,True,46,26,12,9.777854204177856
683,True,41,7,2,8.497208833694458
684,True,45,10,4,8.463150024414062
685,True,51,9,2,8.0937659740448
686,True,48,49,21,11.022984981536865
687,True,47,19,8,9.946569919586182
688,True,42,6,1,8.254241704940796
689,True,46,10,4,8.564763307571411
690,True,46,51,24,10.41057276725769
691,True,52,10,3,8.289527177810669
692,True,49,32,15,9.5500009059906
693,True,50,5,0,8.023815155029297
694,True,44,17,7,8.867913961410522
695,True,40,7,2,8.510555982589722
696,True,40,33,15,12.794851064682007
697,True,45,27,11,10.272581815719604
698,True,41,15,7,9.98676609992981
699,True,43,29,14,8.68156909942627
700,True,46,5,1,8.061483144760132
701,True,49,33,15,9.093796730041504
702,True,45,32,14,9.055855989456177
703,True,45,20,9,9.655956983566284
704,True,51,12,5,8.511087656021118
705,True,44,9,2,8.472052097320557
706,True,46,10,4,8.844876050949097
707,True,47,5,2,8.504328966140747
708,True,41,30,13,9.768259763717651
709,True,46,18,7,8.44238018989563
710,True,45,7,1,8.030125141143799
711,True,52,11,2,8.162641763687134
712,True,43,7,1,7.9556028842926025
713,True,50,30,14,9.245328903198242
714,True,51,18,7,8.83053994178772
715,True,46,32,14,10.001689910888672
716,True,47,15,6,9.062932968139648
717,True,45,7,2,8.216866970062256
718,True,49,20,9,9.094890117645264
719,True,42,16,6,9.181700944900513
720,True,50,31,15,9.936012029647827
721,True,47,6,1,7.9656829833984375
722,True,45,12,4,8.781883955001831
723,True,44,8,3,8.438634157180786
724,True,46,24,9,9.865822076797485
725,True,48,19,7,8.78531789779663
726,True,47,2,0,7.913937091827393
727,True,46,25,11,9.529210805892944
728,True,44,4,1,7.951794862747192
729,True,46,10,4,8.586101055145264
730,True,49,10,4,8.679818868637085
731,True,44,30,13,9.906147956848145
732,True,49,4,0,7.957241773605347
733,True,50,21,9,8.767112255096436
734,True,45,23,11,9.588469982147217
735,True,43,9,3,8.460736989974976
736,True,45,5,1,8.290525913238525
737,True,46,31,14,10.457975149154663
738,True,43,11,4,8.766731977462769
739,True,41,83,40,12.312463998794556
740,True,43,16,7,9.035326957702637
741,True,42,28,13,9.879976749420166
742,True,41,25,11,9.715077877044678
743,True,44,83,41,14.466349124908447
744,True,45,11,4,8.66199016571045
745,True,44,6,2,8.184788942337036
746,True,45,12,5,8.90874695777893
747,True,46,15,5,8.445258140563965
748,True,47,38,16,9.34094786643982
749,True,42,15,6,8.801788806915283
750,True,47,8,3,8.663579225540161
751,True,46,6,1,7.883096933364868
752,True,46,16,7,9.267478227615356
753,True,50,31,14,9.603525876998901
754,True,44,23,9,9.447449207305908
755,True,44,31,14,9.762439966201782
756,True,49,15,6,8.903618097305298
757,True,45,10,3,8.47526502609253
758,True,45,36,17,10.002285957336426
759,True,43,7,1,8.253533840179443
760,True,43,12,5,9.159317016601562
761,True,45,6,1,8.293241262435913
762,True,43,11,3,8.487068891525269
763,True,46,15,6,8.869561672210693
764,True,47,22,10,8.959105968475342
765,True,48,17,7,9.063048839569092
766,True,39,12,3,8.418632984161377
767,True,45,25,11,8.988117218017578
768,True,44,8,3,8.729458808898926
769,True,46,5,1,8.015465021133423
770,True,45,13,5,8.757016658782959
771,True,47,22,9,8.652085065841675
772,True,51,6,2,8.293138027191162
773,True,40,5,1,8.246505975723267
774,True,47,12,5,8.50409984588623
775,True,50,64,31,11.926646947860718
776,True,46,34,16,11.107216119766235
777,True,46,22,10,9.743545293807983
778,True,48,9,3,8.38462209701538
779,True,43,77,38,12.948047161102295
780,True,47,27,12,9.609132051467896
781,True,45,24,11,9.18303894996643
782,True,46,39,18,9.990029096603394
783,True,47,39,19,10.327480792999268
784,True,46,15,6,8.770104169845581
785,True,40,4,1,8.29368281364441
786,True,47,47,22,9.774060010910034
787,True,46,4,1,8.233616828918457
788,True,46,13,5,9.086061000823975
789,True,46,5,1,8.222980737686157
790,True,46,73,34,13.103420972824097
791,True,47,18,8,8.833575248718262
792,True,46,6,1,7.978210926055908
793,True,38,2,0,7.95673394203186
794,True,48,17,6,8.490136861801147
795,True,41,17,6,8.778274059295654
796,True,51,3,1,8.203110933303833
797,True,46,91,45,13.568511962890625
798,True,49,30,14,9.466866254806519
799,True,45,10,3,8.175414085388184
800,True,43,40,19,10.691943168640137
801,True,39,3,0,7.911931037902832
802,True,44,15,5,8.405332803726196
803,True,41,2,0,7.867491722106934
804,True,48,15,7,8.790868043899536
805,True,48,22,10,9.242952108383179
806,True,41,17,7,9.003756999969482
807,True,41,22,10,9.076628923416138
808,True,45,27,13,9.23365592956543
809,True,48,43,20,11.229943990707397
810,True,48,16,6,8.734996318817139
811,True,47,6,1,8.06353497505188
812,True,47,5,2,8.18120813369751
813,True,45,42,20,10.144270181655884
814,True,46,7,0,7.946053743362427
815,True,46,24,11,9.887892961502075
816,True,48,8,3,8.59275484085083
817,True,46,22,9,9.282089948654175
818,True,47,11,3,8.196842193603516
819,True,50,12,3,8.496664047241211
820,True,49,13,6,8.830564022064209
821,True,44,20,9,9.219089031219482
822,True,44,18,8,9.63832402229309
823,True,47,5,2,8.51951003074646
824,True,46,13,5,8.84551191329956
825,True,42,10,2,8.145103216171265
826,True,45,2,0,7.936511039733887
827,True,48,4,0,7.994266986846924
828,True,43,13,6,9.869080781936646
829,True,47,18,8,9.035067081451416
830,True,46,2,0,7.978982210159302
831,True,44,8,1,8.035737991333008
832,True,49,26,10,9.78665804862976
833,True,45,64,31,13.899073839187622
834,True,44,4,0,7.982676029205322
835,True,43,15,7,8.775329113006592
836,True,47,5,1,8.17063307762146
837,True,47,25,11,9.62474012374878
838,True,48,3,0,7.920200824737549
839,True,41,5,1,8.200640201568604
840,True,44,12,5,8.752094030380249
841,True,44,4,0,7.89359712600708
842,True,45,30,14,9.647225141525269
843,True,50,4,0,7.891880989074707
844,True,40,12,5,8.36836314201355
845,True,44,6,1,7.953307867050171
846,True,46,32,15,10.2344810962677
847,True,27,24,10,9.28697919845581
848,True,47,6,2,8.160603046417236
849,True,46,21,10,10.211297988891602
850,True,43,2,0,7.9742960929870605
851,True,45,17,7,8.941865921020508
852,True,50,17,7,8.7554292678833
853,True,45,8,2,8.318030834197998
854,True,50,22,9,8.828176975250244
855,True,47,20,8,9.07490611076355
856,True,46,13,4,8.392529964447021
857,True,44,5,2,8.108558177947998
858,True,45,15,6,8.874201774597168
859,True,48,28,12,9.285162925720215
860,True,49,20,9,9.39562702178955
861,True,47,5,1,8.308689832687378
862,True,49,19,8,9.149602174758911
863,True,48,39,19,11.255855798721313
864,True,47,43,19,9.478962182998657
865,True,41,22,10,9.039297103881836
866,True,40,32,15,11.336220979690552
867,True,49,10,2,8.3006751537323
868,True,48,31,15,10.95081090927124
869,True,46,5,1,8.292013168334961
870,True,43,18,6,8.715144872665405
871,True,49,29,13,9.443700075149536
872,True,47,3,0,7.922806024551392
873,True,46,6,0,8.016931056976318
874,True,46,5,2,8.355653047561646
875,True,48,12,5,8.656819105148315
876,True,31,43,20,12.421802043914795
877,True,44,19,8,9.268687009811401
878,True,42,33,15,10.003973007202148
879,True,39,12,3,8.903881788253784
880,True,45,15,6,8.979680061340332
881,True,43,23,10,9.5141019821167
882,True,41,30,14,10.431056261062622
883,True,42,28,12,9.880701065063477
884,True,48,27,13,9.917415380477905
885,True,43,5,1,8.313689708709717
886,True,47,4,1,8.019620895385742
887,True,45,17,7,8.674862146377563
888,True,48,9,3,8.237030982971191
889,True,48,7,3,8.575711965560913
890,True,40,49,23,12.336336851119995
891,True,44,20,8,9.674375057220459
892,True,41,44,21,9.854299068450928
893,True,44,15,6,9.12392807006836
894,True,49,24,9,8.86106014251709
895,True,45,8,2,8.34012222290039
896,True,46,34,15,9.873656034469604
897,True,43,17,7,9.257402896881104
898,True,47,5,2,8.564414024353027
899,True,42,7,1,8.062437772750854
900,True,47,16,6,8.785356044769287
901,True,46,17,7,8.746512174606323
902,True,46,38,17,10.01545786857605
903,True,42,2,0,8.066980123519897
904,True,45,7,2,8.767812728881836
905,True,47,9,3,8.627127885818481
906,True,41,11,5,8.960068225860596
907,True,47,11,5,8.8160982131958
908,True,40,3,0,7.981273174285889
909,True,47,5,1,7.987806081771851
910,True,45,5,1,8.035303831100464
911,True,47,43,20,10.499644041061401
912,True,45,9,3,8.04822301864624
913,True,41,10,3,8.807245254516602
914,True,49,34,16,9.460844993591309
915,True,47,19,8,9.245362997055054
916,True,46,21,10,9.322404146194458
917,True,48,4,0,8.008816242218018
918,True,45,19,8,9.100368976593018
919,True,44,35,17,12.292290925979614
920,True,43,33,16,10.488684892654419
921,True,49,43,20,10.441756963729858
922,True,45,6,1,7.976097583770752
923,True,40,7,2,8.354006052017212
924,True,42,63,30,11.193467140197754
925,True,48,20,8,8.945349216461182
926,True,45,5,1,8.12587308883667
927,True,44,13,5,8.568934917449951
928,True,44,14,5,8.910279989242554
929,True,46,78,38,12.859826803207397
930,True,43,28,13,9.449067831039429
931,True,47,5,1,8.220623016357422
932,True,44,17,6,8.609239101409912
933,True,41,19,8,9.139868021011353
934,True,48,12,3,8.456626176834106
935,True,43,25,11,9.49039626121521
936,True,44,17,7,9.151011943817139
937,True,44,21,8,9.122342824935913
938,True,47,25,10,9.662099838256836
939,True,46,13,5,8.836074113845825
940,True,47,16,7,8.755941152572632
941,True,40,62,28,13.130354881286621
942,True,47,27,12,9.500145196914673
943,True,47,9,3,8.32141900062561
944,True,47,42,20,11.469048976898193
945,True,42,12,4,8.773321866989136
946,True,41,12,5,9.090455055236816
947,True,44,11,3,8.487950801849365
948,True,44,8,2,8.45129919052124
949,True,49,2,0,7.948607921600342
950,True,45,13,5,8.542152881622314
951,True,43,30,14,9.457712173461914
952,True,44,10,3,8.52684473991394
953,True,45,8,2,8.176830053329468
954,True,44,23,10,9.690747022628784
955,True,43,7,1,8.137532711029053
956,True,45,7,2,8.361463069915771
957,True,46,3,0,7.9722819328308105
958,True,43,3,0,7.922425985336304
959,True,44,9,3,8.53220009803772
960,True,45,18,8,9.167536735534668
961,True,49,10,3,8.445319175720215
962,True,45,56,27,10.74375295639038
963,True,50,21,9,9.718196868896484
964,True,47,8,3,8.470478057861328
965,True,45,4,0,7.958169937133789
966,True,44,29,13,9.767611980438232
967,True,44,14,5,8.693373918533325
968,True,40,41,19,10.743871927261353
969,True,47,16,6,8.796652793884277
970,True,43,6,0,7.9505836963653564
971,True,48,16,6,8.373007774353027
972,True,44,3,0,7.896541118621826
973,True,45,8,2,8.271440982818604
974,True,49,15,6,8.65716814994812
975,True,46,9,3,8.645988941192627
976,True,46,6,1,8.267956018447876
977,True,46,35,17,10.02437686920166
978,True,47,6,2,8.368334770202637
979,True,46,6,2,8.446815967559814
980,True,42,12,4,8.69334888458252
981,True,43,6,2,8.172319889068604
982,True,46,21,9,9.133653163909912
983,True,44,85,42,14.763922214508057
984,True,44,13,4,8.48309874534607
985,True,50,18,7,9.573003053665161
986,True,51,3,0,7.880305051803589
987,True,46,19,8,10.176035165786743
988,True,46,15,5,8.46085786819458
989,True,41,20,9,9.587687015533447
990,True,45,15,5,8.553055047988892
991,True,48,22,8,8.961352109909058
992,True,47,5,1,8.064680099487305
993,True,48,19,8,8.870280981063843
994,True,39,9,2,8.274271965026855
995,True,44,27,13,9.872058868408203
996,True,45,7,2,8.188657760620117
997,True,44,21,8,9.38936185836792
998,True,47,19,9,9.205492973327637
999,True,49,6,2,8.236167192459106
1000,True,46,37,18,10.155250072479248
1001,True,42,30,14,34.680142641067505
1002,True,46,28,12,33.70680260658264
1003,True,50,7,3,29.830504179000854
1004,True,46,35,15,31.818846702575684
1005,True,43,13,5,29.30522131919861
1006,True,42,13,6,29.04844093322754
1007,True,46,10,3,28.447564840316772
1008,True,46,31,14,35.419665575027466
1009,True,43,54,26,34.51749396324158
1010,True,29,28,11,30.501561164855957
1011,True,44,36,17,35.40678668022156
1012,True,42,5,1,25.29832649230957
1013,True,47,30,14,30.57979965209961
1014,True,43,11,3,27.782837867736816
1015,True,48,18,8,28.783031702041626
1016,True,48,81,39,40.23809623718262
1017,True,40,7,2,26.907737731933594
1018,True,47,16,6,27.87052011489868
1019,True,41,45,21,39.76773715019226
1020,True,48,17,6,28.46735954284668
1021,True,46,5,0,25.770896196365356
1022,True,42,18,7,29.704312562942505
1023,True,47,8,2,26.772432565689087
1024,True,45,19,8,32.1492817401886
1025,True,39,31,13,30.898725986480713
1026,True,49,11,3,26.891953468322754
1027,True,49,11,3,28.243847131729126
1028,True,45,6,1,25.158830404281616
1029,True,44,33,15,34.065343141555786
1030,True,42,26,11,29.05754017829895
1031,True,41,22,9,29.281078100204468
1032,True,50,8,3,26.431726932525635
1033,True,46,25,11,29.919557809829712
1034,True,40,37,16,32.19752740859985
1035,True,44,23,10,30.504597902297974
1036,True,44,3,0,24.971670627593994
1037,True,45,10,3,26.685814380645752
1038,True,50,21,9,29.97032141685486
1039,True,27,11,2,26.216129779815674
1040,True,48,27,13,33.00696873664856
1041,True,44,17,7,30.32890772819519
1042,True,44,5,1,26.4103946685791
1043,True,43,7,1,26.34408688545227
1044,True,42,39,18,35.7270667552948
1045,True,49,40,19,31.39069700241089
1046,True,48,22,8,27.75395178794861
1047,True,47,89,42,45.20635938644409
1048,True,28,4,1,25.157294034957886
1049,True,42,7,2,26.581846714019775
1050,True,44,21,9,29.459611654281616
1051,True,53,8,2,27.01156210899353
1052,True,47,23,10,29.42593502998352
1053,True,43,4,0,24.771570920944214
1054,True,45,4,1,26.241183519363403
1055,True,44,9,3,26.707217693328857
1056,True,47,10,3,26.99734377861023
1057,True,41,23,10,32.56363129615784
1058,True,47,10,3,28.237660884857178
1059,True,41,5,1,25.98526930809021
1060,True,27,19,7,27.10704016685486
1061,True,43,7,1,25.423455715179443
1062,True,46,29,11,29.38891363143921
1063,True,30,11,4,27.795503854751587
1064,True,45,7,3,27.626538038253784
1065,True,43,11,3,25.948707103729248
1066,True,41,126,62,48.850958585739136
1067,True,43,19,9,30.05491542816162
1068,True,43,11,3,27.652510166168213
1069,True,44,18,7,30.4055814743042
1070,True,45,3,0,25.843665599822998
1071,True,46,13,5,28.372430086135864
1072,True,40,9,3,28.468276977539062
1073,True,44,22,10,28.774461269378662
1074,True,49,24,11,28.42706799507141
1075,True,49,70,34,40.93725371360779
1076,True,51,22,10,28.462007522583008
1077,True,46,14,5,28.141033172607422
1078,True,43,20,8,29.616064071655273
1079,True,37,11,3,27.468509435653687
1080,True,41,14,6,30.649940729141235
1081,True,27,317,156,105.7657835483551
1082,True,46,4,1,25.582292556762695
1083,True,43,11,5,30.191025018692017
1084,True,49,2,0,25.176208972930908
1085,True,45,8,1,26.41793203353882
1086,True,45,35,16,34.8862578868866
1087,True,40,71,35,34.43114423751831
1088,True,48,6,1,26.482446670532227
1089,True,44,40,18,37.555461168289185
1090,True,45,5,1,26.166033506393433
1091,True,47,3,0,25.910950422286987
1092,True,42,4,1,26.884477615356445
1093,True,42,40,19,36.083516120910645
1094,True,45,2,0,26.332369804382324
1095,True,28,24,10,30.730751037597656
1096,True,44,8,1,26.93535041809082
1097,True,43,10,4,29.43697214126587
1098,True,44,10,2,26.202990770339966
1099,True,29,304,150,69.3427746295929
1100,True,43,8,2,26.721118211746216
1101,True,46,26,12,30.450318574905396
1102,True,46,32,14,32.383368253707886
1103,True,43,14,5,29.62215757369995
1104,True,50,14,5,27.356873989105225
1105,True,47,36,17,37.146477937698364
1106,True,45,21,9,30.74525260925293
1107,True,43,8,3,27.251312017440796
1108,True,42,8,2,27.96408987045288
1109,True,45,50,23,34.06313443183899
1110,True,43,18,8,30.78974461555481
1111,True,42,21,8,30.26630973815918
1112,True,42,51,25,34.97490310668945
1113,True,27,9,2,27.172112226486206
1114,True,45,8,3,27.00081157684326
1115,True,41,11,4,27.156523942947388
1116,True,27,34,16,39.612672328948975
1117,True,48,7,2,26.541722536087036
1118,True,27,40,17,34.595197439193726
1119,True,28,233,115,97.81858563423157
1120,True,43,26,12,31.58910584449768
1121,True,44,13,4,26.941587209701538
1122,True,44,7,2,25.691577672958374
1123,True,44,24,10,30.835838317871094
1124,True,47,5,1,26.730106353759766
1125,True,45,50,24,33.53480100631714
1126,True,34,14,5,27.92111849784851
1127,True,44,41,19,34.154821157455444
1128,True,43,10,4,28.862563848495483
1129,True,46,34,16,33.44534182548523
1130,True,45,8,0,25.934473514556885
1131,True,48,19,9,29.75534749031067
1132,True,46,10,2,25.586570739746094
1133,True,48,40,19,35.55151915550232
1134,True,45,13,5,28.05130696296692
1135,True,43,67,32,37.008272886276245
1136,True,49,5,1,26.27404260635376
1137,True,46,46,22,36.151572465896606
1138,True,49,40,18,29.606209754943848
1139,True,29,158,76,91.24006581306458
1140,True,48,3,0,25.60489821434021
1141,True,42,20,8,31.53850817680359
1142,True,44,3,0,24.870523929595947
1143,True,47,8,2,26.705955505371094
1144,True,45,9,3,26.586718320846558
1145,True,46,13,5,27.371684551239014
1146,True,47,32,15,28.762746810913086
1147,True,44,24,11,31.52623462677002
1148,True,48,5,0,26.32852005958557
1149,True,45,9,2,26.18264603614807
1150,True,43,2,0,25.167262077331543
1151,True,42,16,7,29.563347578048706
1152,True,44,30,14,36.538630962371826
1153,True,44,18,7,27.682546377182007
1154,True,45,13,5,27.48581886291504
1155,True,50,35,16,31.35631227493286
1156,True,48,11,4,27.155790328979492
1157,True,48,37,18,33.958110094070435
1158,True,41,12,4,28.107773303985596
1159,True,46,20,9,30.705727338790894
1160,True,42,4,0,24.88625931739807
1161,True,46,8,3,26.33652114868164
1162,True,47,17,8,29.88494062423706
1163,True,51,11,4,26.657007217407227
1164,True,46,52,25,36.65117430686951
1165,True,45,17,8,31.560791969299316
1166,True,43,7,2,26.013474464416504
1167,True,43,21,9,30.865690231323242
1168,True,47,10,4,27.343344688415527
1169,True,49,21,9,28.34544038772583
1170,True,38,88,42,42.11297869682312
1171,True,40,51,25,36.07043766975403
1172,True,43,11,4,28.519941091537476
1173,True,43,23,10,33.02693438529968
1174,True,50,12,4,28.889233589172363
1175,True,47,14,6,28.21535348892212
1176,True,43,6,2,25.212848663330078
1177,True,46,9,3,27.510307550430298
1178,True,46,6,1,25.702489376068115
1179,True,43,11,4,29.131283044815063
1180,True,51,11,3,26.785024642944336
1181,True,48,22,10,29.205740690231323
1182,True,47,9,3,26.808088779449463
1183,True,43,30,14,29.707008123397827
1184,True,49,49,24,37.23272967338562
1185,True,51,22,10,30.858612537384033
1186,True,48,142,70,64.24915266036987
1187,True,40,28,13,33.32002592086792
1188,True,45,13,6,29.43629550933838
1189,True,48,24,11,28.68419098854065
1190,True,48,31,15,34.56867957115173
1191,True,52,13,4,26.790499925613403
1192,True,43,14,6,27.65984845161438
1193,True,46,80,39,39.065141677856445
1194,True,46,11,4,27.061896085739136
1195,True,46,7,2,26.450051307678223
1196,True,43,19,9,31.473639965057373
1197,True,46,30,13,30.383476972579956
1198,True,46,4,0,26.36290144920349
1199,True,44,6,1,26.5945827960968
1200,True,52,23,11,29.389262676239014
1201,True,44,13,4,25.941141366958618
1202,True,45,15,5,27.6732759475708
1203,True,44,57,28,42.182305335998535
1204,True,49,6,0,25.869704723358154
1205,True,44,22,10,29.728407382965088
1206,True,45,58,28,41.986828565597534
1207,True,46,7,0,26.142715215682983
1208,True,48,5,1,26.116071462631226
1209,True,44,4,0,25.811152458190918
1210,True,45,10,4,28.1659152507782
1211,True,44,72,35,45.14936089515686
1212,True,44,33,16,34.76815485954285
1213,True,48,22,9,29.534726858139038
1214,True,47,21,9,31.87439775466919
1215,True,43,20,9,30.978209495544434
1216,True,46,8,2,25.97019648551941
1217,True,48,18,7,28.500422954559326
1218,True,48,8,3,27.050462245941162
1219,True,47,6,1,26.368537187576294
1220,True,49,7,2,26.537586212158203
1221,True,47,26,9,29.278578281402588
1222,True,42,26,12,32.401169776916504
1223,True,44,42,19,32.97079682350159
1224,True,48,11,5,28.077456951141357
1225,True,43,44,21,35.714518308639526
1226,True,47,10,4,27.8037531375885
1227,True,42,27,12,30.523821592330933
1228,True,47,26,12,29.656641960144043
1229,True,41,116,56,58.490036964416504
1230,True,45,2,0,25.684024333953857
1231,True,49,27,12,30.265225648880005
1232,True,51,19,8,27.707521200180054
1233,True,43,17,7,29.71414566040039
1234,True,44,11,3,28.285127878189087
1235,True,49,4,1,26.474804878234863
1236,True,46,18,8,29.1238751411438
1237,True,51,16,7,28.88808798789978
1238,True,47,19,7,27.550902128219604
1239,True,47,2,0,25.53559970855713
1240,True,45,13,5,26.997289657592773
1241,True,49,2,0,25.876535892486572
1242,True,46,17,7,30.342801809310913
1243,True,46,11,4,29.22248101234436
1244,True,49,30,14,30.923983573913574
1245,True,52,28,12,33.23225140571594
1246,True,43,11,3,29.724016427993774
1247,True,48,23,10,32.27768158912659
1248,True,45,18,8,28.764530181884766
1249,True,45,7,1,25.38627552986145
1250,True,46,54,25,38.03110456466675
1251,True,41,45,22,34.34086346626282
1252,True,47,18,7,29.07373881340027
1253,True,46,18,8,29.436357021331787
1254,True,47,11,4,27.17636489868164
1255,True,42,11,4,27.049675703048706
1256,True,41,9,2,25.884645700454712
1257,True,49,33,15,30.47789978981018
1258,True,40,8,2,25.38368511199951
1259,True,47,10,4,25.348324298858643
1260,True,41,53,23,31.628753423690796
1261,True,44,8,2,24.72508931159973
1262,True,47,26,10,30.873308658599854
1263,True,44,96,47,44.58086037635803
1264,True,43,11,3,26.08020544052124
1265,True,47,3,0,23.945772171020508
1266,True,46,30,14,30.715605974197388
1267,True,49,14,5,27.83695387840271
1268,True,41,33,16,38.285969734191895
1269,True,43,10,4,28.49107074737549
1270,True,46,35,16,30.29850196838379
1271,True,43,8,2,27.34382176399231
1272,True,43,8,1,26.144372940063477
1273,True,44,5,1,25.9145028591156
1274,True,45,4,0,26.13953185081482
1275,True,46,13,4,28.518211841583252
1276,True,46,18,7,27.623283863067627
1277,True,46,16,7,28.38902735710144
1278,True,45,33,15,31.396783351898193
1279,True,44,22,10,29.293155431747437
1280,True,44,15,6,29.78305220603943
1281,True,44,38,18,32.98266124725342
1282,True,47,8,3,25.65070867538452
1283,True,42,12,4,29.660269737243652
1284,True,51,39,19,28.24586820602417
1285,True,44,31,14,32.62255024909973
1286,True,45,3,0,25.233901262283325
1287,True,47,18,7,28.042010068893433
1288,True,50,29,14,29.49156618118286
1289,True,44,10,4,27.583970546722412
1290,True,41,25,12,31.09354853630066
1291,True,46,4,1,26.19912075996399
1292,True,43,10,4,26.146381855010986
1293,True,46,17,7,28.554415464401245
1294,True,44,22,10,32.95154619216919
1295,True,50,25,11,27.93671989440918
1296,True,44,19,9,28.916945219039917
1297,True,46,19,8,30.43183994293213
1298,True,51,28,13,30.423884630203247
1299,True,47,15,7,28.306302785873413
1300,True,45,7,2,26.5739905834198
1301,True,27,76,36,45.566591024398804
1302,True,50,38,18,32.926517486572266
1303,True,48,24,11,31.01902484893799
1304,True,43,14,5,28.730801820755005
1305,True,40,9,3,26.89622211456299
1306,True,48,10,2,26.401922941207886
1307,True,46,27,13,31.584842443466187
1308,True,49,21,8,28.679815530776978
1309,True,49,11,4,27.95355772972107
1310,True,45,48,23,32.34130263328552
1311,True,49,19,9,29.704249620437622
1312,True,46,8,2,26.477104902267456
1313,True,46,26,11,28.15593194961548
1314,True,46,7,1,26.24335765838623
1315,True,45,7,2,26.598653554916382
1316,True,49,9,4,27.519517421722412
1317,True,44,31,15,30.749045848846436
1318,True,50,5,1,25.69793438911438
1319,True,47,13,5,27.22377586364746
1320,True,40,22,10,29.03023052215576
1321,True,45,29,12,27.265394687652588
1322,True,52,22,8,29.255908012390137
1323,True,42,12,5,26.66946840286255
1324,True,46,18,8,30.050294876098633
1325,True,48,11,4,26.692759037017822
1326,True,48,16,7,29.107556343078613
1327,True,44,17,7,28.348839282989502
1328,True,43,13,5,30.218619108200073
1329,True,44,3,0,25.29562997817993
1330,True,46,19,8,28.332943439483643
1331,True,44,10,4,27.683611392974854
1332,True,49,5,0,25.886019229888916
1333,True,51,36,17,32.749250411987305
1334,True,40,29,13,30.17567229270935
1335,True,43,22,10,33.19478511810303
1336,True,30,13,6,30.55418372154236
1337,True,39,48,23,31.681803226470947
1338,True,47,10,3,26.18782615661621
1339,True,47,10,3,26.155384063720703
1340,True,43,5,0,25.75081729888916
1341,True,46,83,40,40.56450867652893
1342,True,47,4,0,26.394100189208984
1343,True,45,4,0,25.58151149749756
1344,True,50,46,20,37.69191765785217
1345,True,46,18,7,28.700971603393555
1346,True,45,33,15,35.66949248313904
1347,True,47,19,8,28.412997007369995
1348,True,31,58,27,35.30746650695801
1349,True,47,25,12,30.69796872138977
1350,True,45,30,14,32.29735565185547
1351,True,32,389,192,88.84796118736267
1352,True,44,7,2,26.109169483184814
1353,True,46,18,7,29.48297929763794
1354,True,46,33,15,29.432164907455444
1355,True,47,39,17,32.49886989593506
1356,True,47,6,1,25.647822618484497
1357,True,49,24,10,29.091050148010254
1358,True,54,4,0,26.20880961418152
1359,True,43,2,0,26.021389722824097
1360,True,44,21,9,29.68001389503479
1361,True,43,22,9,29.902780055999756
1362,True,49,3,0,25.842503547668457
1363,True,46,7,1,26.95100712776184
1364,True,51,12,4,27.359075784683228
1365,True,45,41,18,30.95946168899536
1366,True,47,34,15,32.007951498031616
1367,True,47,96,47,47.318384408950806
1368,True,42,12,4,28.20584774017334
1369,True,28,12,4,29.214367151260376
1370,True,45,13,3,27.402579069137573
1371,True,46,26,12,31.85127305984497
1372,True,41,40,19,35.89630389213562
1373,True,29,12,3,26.74920129776001
1374,True,29,20,7,30.064262866973877
1375,True,29,39,17,36.43075704574585
1376,True,46,6,2,25.924449920654297
1377,True,43,12,5,28.496164321899414
1378,True,48,13,5,26.462878227233887
1379,True,47,10,4,28.20062232017517
1380,True,48,13,3,26.983829021453857
1381,True,52,30,13,32.91034650802612
1382,True,46,34,15,36.91606283187866
1383,True,46,24,11,31.090449333190918
1384,True,50,13,4,27.63992476463318
1385,True,45,15,6,29.605302333831787
1386,True,48,4,0,25.60100269317627
1387,True,41,18,8,30.584286212921143
1388,True,45,41,19,33.36586260795593
1389,True,51,11,4,27.34145164489746
1390,True,44,6,2,24.841498136520386
1391,True,43,24,10,29.12165117263794
1392,True,45,32,14,33.53627252578735
1393,True,51,15,6,27.611788511276245
1394,True,48,7,1,25.81927514076233
1395,True,48,35,16,31.752776384353638
1396,True,46,30,14,32.442835092544556
1397,True,40,8,3,27.4677414894104
1398,True,45,6,1,25.894458055496216
1399,True,49,22,10,29.828112602233887
1400,True,47,27,11,31.90023970603943
1401,True,46,11,3,27.562829732894897
1402,True,30,44,20,35.90514588356018
1403,True,43,29,12,28.694374322891235
1404,True,45,22,9,29.31696367263794
1405,True,43,12,5,28.853776216506958
1406,True,45,7,2,27.005578994750977
1407,True,43,10,3,27.58252453804016
1408,True,46,10,2,25.578296661376953
1409,True,45,7,2,27.47295069694519
1410,True,45,43,20,41.873051166534424
1411,True,27,16,6,29.90339469909668
1412,True,43,45,21,38.59155750274658
1413,True,41,5,2,28.216643571853638
1414,True,42,15,4,27.996362924575806
1415,True,45,7,2,26.826066255569458
1416,True,48,14,6,27.060118436813354
1417,True,49,6,1,26.227558374404907
1418,True,45,13,5,27.35949158668518
1419,True,42,19,7,29.389241456985474
1420,True,47,29,13,29.777872323989868
1421,True,44,14,6,27.935359954833984
1422,True,43,12,5,29.898224353790283
1423,True,44,17,7,28.411193370819092
1424,True,50,7,2,27.383241653442383
1425,True,48,34,16,30.54410195350647
1426,True,45,12,5,26.54478883743286
1427,True,52,17,7,29.3165500164032
1428,True,42,76,37,47.04013538360596
1429,True,45,9,4,29.01738405227661
1430,True,43,47,22,35.28662657737732
1431,True,44,10,3,26.775076150894165
1432,True,47,13,5,28.0410315990448
1433,True,48,12,4,26.952943325042725
1434,True,45,12,4,26.77559995651245
1435,True,48,22,10,31.531494617462158
1436,True,47,11,4,28.855771780014038
1437,True,44,13,6,26.929439067840576
1438,True,47,33,15,29.03351664543152
1439,True,50,25,12,29.7000892162323
1440,True,46,6,2,25.830115795135498
1441,True,46,2,0,26.083465337753296
1442,True,44,3,0,25.0850510597229
1443,True,45,3,0,26.29692578315735
1444,True,46,8,3,27.442100524902344
1445,True,38,22,10,29.35007119178772
1446,True,41,4,1,25.781881093978882
1447,True,47,8,2,26.701203107833862
1448,True,49,17,6,27.772943019866943
1449,True,45,26,12,29.53679370880127
1450,True,30,43,20,49.31161570549011
1451,True,47,10,2,25.267413854599
1452,True,49,21,9,29.81696105003357
1453,True,49,12,5,27.994182109832764
1454,True,44,3,0,25.167619466781616
1455,True,44,5,0,25.65093421936035
1456,True,45,40,18,35.07602548599243
1457,True,42,23,10,31.74744701385498
1458,True,42,18,8,29.68278408050537
1459,True,39,5,1,26.95448064804077
1460,True,46,3,0,25.517999172210693
1461,True,45,3,0,24.77239727973938
1462,True,48,42,20,38.90330171585083
1463,True,46,40,19,39.327731132507324
1464,True,46,39,18,32.21706485748291
1465,True,48,5,1,25.89630389213562
1466,True,47,38,18,32.61485505104065
1467,True,49,17,7,29.73083257675171
1468,True,49,5,1,27.389662981033325
1469,True,46,30,14,31.74547553062439
1470,True,48,50,24,33.14262628555298
1471,True,41,21,9,30.492720365524292
1472,True,45,30,13,32.377105474472046
1473,True,29,34,15,37.033653259277344
1474,True,45,10,4,28.827049016952515
1475,True,45,6,2,27.093043327331543
1476,True,42,10,4,27.528242111206055
1477,True,46,23,10,27.315566778182983
1478,True,47,14,5,27.02039933204651
1479,True,30,97,47,53.84626364707947
1480,True,46,4,0,25.10257577896118
1481,True,43,58,27,36.10238480567932
1482,True,46,17,7,28.597500562667847
1483,True,48,21,10,28.96811318397522
1484,True,43,50,24,40.24868369102478
1485,True,48,37,16,32.90424609184265
1486,True,49,5,1,26.100041151046753
1487,True,30,13,4,27.43345332145691
1488,True,48,17,7,30.01961350440979
1489,True,44,14,6,27.330870866775513
1490,True,46,18,8,30.195926904678345
1491,True,49,29,14,30.663660526275635
1492,True,43,14,5,27.339433431625366
1493,True,41,32,14,34.16287541389465
1494,True,48,27,13,33.93356466293335
1495,True,50,4,1,26.84901237487793
1496,True,41,5,1,26.93408465385437
1497,True,46,14,5,27.690694093704224
1498,True,47,12,5,28.086156368255615
1499,True,43,32,14,33.19396114349365
1500,True,47,10,3,26.05658268928528
1501,True,45,10,3,26.584934949874878
1502,True,43,20,9,32.206196784973145
1503,True,43,19,7,29.66807723045349
1504,True,48,14,5,28.641767263412476
1505,True,50,9,2,26.375686407089233
1506,True,48,13,4,27.639581203460693
1507,True,52,22,9,30.574005842208862
1508,True,42,124,61,51.561076641082764
1509,True,43,37,17,32.917330503463745
1510,True,43,18,8,29.283228874206543
1511,True,45,7,3,27.511446237564087
1512,True,46,26,12,31.699601650238037
1513,True,43,9,3,26.83196210861206
1514,True,42,9,3,27.521689414978027
1515,True,47,15,6,27.252558708190918
1516,True,49,14,5,28.231513023376465
1517,True,47,7,2,26.798210859298706
1518,True,46,16,6,27.924524545669556
1519,True,44,8,2,25.80985188484192
1520,True,45,7,2,26.77159810066223
1521,True,47,29,13,31.865995407104492
1522,True,38,10,4,27.819767951965332
1523,True,47,16,6,28.326544284820557
1524,True,51,9,3,26.834272384643555
1525,True,42,2,0,25.299113988876343
1526,True,41,5,1,25.527741193771362
1527,True,46,27,13,32.626673221588135
1528,True,47,29,13,31.578962087631226
1529,True,46,27,12,31.77121067047119
1530,True,48,17,7,29.542038917541504
1531,True,46,9,3,26.751349210739136
1532,True,46,3,0,25.726530075073242
1533,True,45,27,11,29.889068365097046
1534,True,42,9,3,26.076634883880615
1535,True,46,15,7,28.7060706615448
1536,True,47,19,7,30.593807220458984
1537,True,44,8,0,25.305654287338257
1538,True,43,42,19,36.773367404937744
1539,True,41,11,5,28.31251335144043
1540,True,44,7,2,26.493911027908325
1541,True,44,12,5,28.66465163230896
1542,True,50,5,1,24.997112035751343
1543,True,49,4,1,25.220076322555542
1544,True,45,61,30,43.366164684295654
1545,True,45,6,1,31.724660396575928
1546,True,50,46,21,44.77717590332031
1547,True,46,9,3,29.97740411758423
1548,True,33,11,4,28.759641885757446
1549,True,44,23,11,29.62409210205078
1550,True,44,5,1,26.023017406463623
1551,True,50,38,16,31.35569739341736
1552,True,48,7,2,26.60704803466797
1553,True,50,16,6,28.74696373939514
1554,True,44,30,14,30.854142665863037
1555,True,48,6,1,26.638693809509277
1556,True,45,6,2,25.976467609405518
1557,True,29,11,3,26.200850009918213
1558,True,46,12,5,29.864824056625366
1559,True,48,4,0,26.059009075164795
1560,True,39,3,0,26.014583349227905
1561,True,43,9,2,25.78688359260559
1562,True,46,16,7,29.91071319580078
1563,True,44,6,2,25.57572031021118
1564,True,49,13,3,26.7300763130188
1565,True,45,8,2,28.6332426071167
1566,True,42,27,12,30.108973741531372
1567,True,46,3,0,25.71937608718872
1568,True,30,92,44,47.6136634349823
1569,True,44,40,19,37.74032258987427
1570,True,42,4,1,26.443268060684204
1571,True,46,29,13,32.80007481575012
1572,True,44,7,2,27.18895411491394
1573,True,41,30,13,34.47377848625183
1574,True,43,26,12,31.826140642166138
1575,True,44,52,25,34.765331745147705
1576,True,50,22,10,30.439111709594727
1577,True,48,7,1,26.049509048461914
1578,True,46,25,11,32.18409276008606
1579,True,47,24,11,28.514041900634766
1580,True,41,5,1,25.940189599990845
1581,True,48,3,1,26.18160581588745
1582,True,47,11,3,26.895692586898804
1583,True,45,40,19,33.60227656364441
1584,True,42,10,3,26.76025915145874
1585,True,51,83,39,40.06133484840393
1586,True,48,76,37,44.735055446624756
1587,True,48,12,5,29.978203058242798
1588,True,49,6,1,25.438817977905273
1589,True,47,29,14,33.321035861968994
1590,True,45,6,2,26.999404430389404
1591,True,42,15,6,30.75774884223938
1592,True,45,4,0,25.421806812286377
1593,True,52,13,5,27.888921976089478
1594,True,48,18,6,27.25576400756836
1595,True,47,32,15,33.10605978965759
1596,True,42,18,7,29.103567838668823
1597,True,44,4,0,25.401286363601685
1598,True,38,7,3,26.998209476470947
1599,True,43,17,8,29.00879406929016
1600,True,40,4,1,26.165302515029907
1601,True,47,8,2,26.68681812286377
1602,True,49,27,12,28.201239347457886
1603,True,45,4,0,25.186997652053833
1604,True,43,33,14,33.241281032562256
1605,True,42,12,3,26.885149717330933
1606,True,29,52,24,41.03927683830261
1607,True,49,12,4,26.61172580718994
1608,True,42,16,7,30.838595151901245
1609,True,49,17,7,31.574495792388916
1610,True,45,21,9,32.05370569229126
1611,True,42,12,4,27.105409383773804
1612,True,30,30,13,45.278963804244995
1613,True,44,11,4,35.83855938911438
1614,True,40,22,10,30.69597887992859
1615,True,42,20,8,32.147664070129395
1616,True,42,16,4,27.708707809448242
1617,True,27,63,30,50.18688774108887
1618,True,44,15,6,28.41569209098816
1619,True,29,58,27,35.6472544670105
1620,True,45,15,6,29.02237820625305
1621,True,44,8,2,26.374773263931274
1622,True,44,58,28,37.77228569984436
1623,True,47,10,3,27.667487144470215
1624,True,48,11,2,26.017483472824097
1625,True,46,13,5,26.878212928771973
1626,True,30,26,12,33.03505229949951
1627,True,30,85,41,43.26998257637024
1628,True,44,12,5,27.910152912139893
1629,True,47,2,0,25.6663556098938
1630,True,41,67,32,35.65009689331055
1631,True,45,53,26,38.608625411987305
1632,True,47,47,22,35.016727685928345
1633,True,49,32,15,31.78650188446045
1634,True,43,4,0,25.576545476913452
1635,True,43,21,9,28.60506248474121
1636,True,47,8,2,26.1453959941864
1637,True,44,10,3,26.759352684020996
1638,True,39,80,39,52.973700761795044
1639,True,46,7,2,25.80015540122986
1640,True,44,79,38,37.22414422035217
1641,True,44,40,19,29.809475660324097
1642,True,44,12,4,27.78852415084839
1643,True,48,14,6,29.480990171432495
1644,True,31,22,9,29.86875891685486
1645,True,29,176,86,108.86379194259644
1646,True,46,8,3,28.39454483985901
1647,True,30,127,62,77.43214988708496
1648,True,48,10,3,27.864205837249756
1649,True,45,18,7,27.688774824142456
1650,True,41,21,8,27.788712739944458
1651,True,47,9,2,26.516230821609497
1652,True,45,14,5,28.604774951934814
1653,True,39,69,34,49.15026354789734
1654,True,41,52,24,40.47141981124878
1655,True,46,25,11,31.330117225646973
1656,True,47,15,6,27.782979488372803
1657,True,49,19,9,29.172029495239258
1658,True,46,5,1,25.335181951522827
1659,True,46,5,1,25.615935802459717
1660,True,46,3,0,25.915776252746582
1661,True,44,71,34,45.68484592437744
1662,True,44,33,15,31.4693706035614
1663,True,44,40,19,35.023218631744385
1664,True,46,24,11,30.321855068206787
1665,True,46,38,18,35.12710380554199
1666,True,43,19,8,30.153789520263672
1667,True,48,15,5,27.060146808624268
1668,True,46,18,8,29.091028690338135
1669,True,45,6,2,26.816152572631836
1670,True,44,8,2,26.932708263397217
1671,True,47,6,1,25.799686431884766
1672,True,44,25,10,27.83086347579956
1673,True,52,7,2,26.31197237968445
1674,True,39,2,0,25.29000687599182
1675,True,47,31,14,32.650184631347656
1676,True,48,22,10,30.833953857421875
1677,True,45,12,5,28.468719244003296
1678,True,49,7,2,27.07832646369934
1679,True,39,8,3,28.4816734790802
1680,True,48,31,15,30.763510704040527
1681,True,45,20,9,32.47705936431885
1682,True,47,8,2,27.372074365615845
1683,True,44,17,8,29.150082111358643
1684,True,44,18,7,27.08545446395874
1685,True,48,4,0,25.517133235931396
1686,True,48,8,3,26.68309473991394
1687,True,31,94,44,42.69085192680359
1688,True,31,220,107,75.85819554328918
1689,True,31,306,151,91.99853873252869
1690,True,47,47,22,30.61774706840515
1691,True,48,10,3,27.827852249145508
1692,True,48,6,1,26.428192377090454
1693,True,46,68,33,45.883819580078125
1694,True,44,13,6,28.84683632850647
1695,True,48,8,3,26.105191469192505
1696,True,48,7,1,26.569775104522705
1697,True,44,35,17,31.953550100326538
1698,True,45,9,2,25.576295375823975
1699,True,48,37,17,35.12696409225464
1700,True,48,5,1,24.827749729156494
1701,True,42,2,0,25.660020112991333
1702,True,42,47,22,32.85100984573364
1703,True,46,4,1,26.3968448638916
1704,True,45,32,14,32.704927921295166
1705,True,45,5,1,26.12105894088745
1706,True,46,12,5,26.054479598999023
1707,True,44,58,27,37.50582671165466
1708,True,46,12,5,28.013373136520386
1709,True,39,21,9,30.555261850357056
1710,True,48,19,8,29.04948878288269
1711,True,45,12,4,27.725091695785522
1712,True,38,14,6,30.042607069015503
1713,True,38,18,8,30.918108224868774
1714,True,46,27,12,32.51662850379944
1715,True,51,12,5,27.19500184059143
1716,True,45,14,5,28.184067964553833
1717,True,48,31,13,30.6586172580719
1718,True,46,11,4,27.61947727203369
1719,True,42,6,2,28.988842010498047
1720,True,42,96,46,44.76227927207947
1721,True,42,2,0,25.958590269088745
1722,True,47,9,3,27.175328016281128
1723,True,47,6,1,27.69842267036438
1724,True,49,3,0,25.674336433410645
1725,True,50,22,10,31.49052596092224
1726,True,46,41,18,35.91270613670349
1727,True,42,21,9,29.385064363479614
1728,True,49,7,1,25.23980188369751
1729,True,43,27,12,35.085763454437256
1730,True,47,20,8,27.110678911209106
1731,True,46,3,0,25.572776794433594
1732,True,42,39,17,32.48419404029846
1733,True,44,35,17,38.48229670524597
1734,True,45,6,2,28.97736644744873
1735,True,47,17,7,28.326656818389893
1736,True,46,13,5,27.470054149627686
1737,True,48,23,9,29.846978425979614
1738,True,46,14,6,28.56429123878479
1739,True,49,10,4,27.073865175247192
1740,True,39,12,5,26.84805941581726
1741,True,45,32,14,29.93754553794861
1742,True,45,20,8,30.226737022399902
1743,True,47,26,11,29.541261911392212
1744,True,46,22,10,31.758023738861084
1745,True,43,21,9,31.485103607177734
1746,True,47,21,8,30.133615970611572
1747,True,46,18,8,29.67473578453064
1748,True,47,3,0,24.89240574836731
1749,True,46,18,7,28.253691911697388
1750,True,47,4,1,25.84122586250305
1751,True,43,11,5,28.464993715286255
1752,True,44,18,8,30.965591192245483
1753,True,45,5,1,25.064218044281006
1754,True,47,15,7,27.71629285812378
1755,True,43,28,13,32.66524815559387
1756,True,45,24,10,30.20069432258606
1757,True,44,6,2,26.68869686126709
1758,True,48,26,11,28.8144428730011
1759,True,47,10,2,26.530935525894165
1760,True,43,8,3,28.131699323654175
1761,True,45,10,4,27.939918994903564
1762,True,44,13,5,28.3061945438385
1763,True,46,27,12,29.68976092338562
1764,True,45,3,0,25.466814517974854
1765,True,45,34,16,33.82006907463074
1766,True,48,12,5,27.508691787719727
1767,True,50,6,1,26.47111415863037
1768,True,48,8,3,28.04227066040039
1769,True,49,15,5,28.466039657592773
1770,True,44,12,4,30.05485725402832
1771,True,46,11,4,27.993776321411133
1772,True,47,12,5,27.95166850090027
1773,True,44,6,1,25.42517590522766
1774,True,43,35,15,31.838617086410522
1775,True,46,16,6,28.937712907791138
1776,True,43,23,10,30.829797983169556
1777,True,43,26,11,28.546492338180542
1778,True,46,4,1,26.457971811294556
1779,True,47,16,6,26.460081577301025
1780,True,47,16,7,28.443113327026367
1781,True,42,54,26,36.25692915916443
1782,True,43,45,21,32.076247215270996
1783,True,42,9,3,28.19568967819214
1784,True,47,11,3,27.377313375473022
1785,True,43,16,6,30.3039813041687
1786,True,47,7,2,25.880213737487793
1787,True,47,21,8,27.97864079475403
1788,True,45,2,0,25.946656227111816
1789,True,45,19,7,29.532017469406128
1790,True,43,34,15,34.27608799934387
1791,True,45,5,1,26.132194995880127
1792,True,42,8,2,26.106269121170044
1793,True,44,19,8,29.277098894119263
1794,True,46,4,1,25.468807697296143
1795,True,46,2,0,26.11294913291931
1796,True,45,19,8,30.155765056610107
1797,True,43,3,0,24.775762796401978
1798,True,47,91,44,46.402405738830566
1799,True,45,49,22,31.084619283676147
1800,True,45,21,10,30.21772336959839
1801,True,43,12,4,25.90546464920044
1802,True,44,50,24,32.01209330558777
1803,True,51,16,5,27.357965230941772
1804,True,43,32,13,31.21615505218506
1805,True,45,5,1,26.84468984603882
1806,True,51,4,1,25.95215678215027
1807,True,43,22,9,29.576496601104736
1808,True,50,11,4,27.48995852470398
1809,True,44,11,3,27.16599988937378
1810,True,45,83,40,40.20451760292053
1811,True,46,6,2,26.73303747177124
1812,True,44,8,2,27.504204511642456
1813,True,47,23,10,31.049262762069702
1814,True,48,13,5,27.53512930870056
1815,True,49,17,6,26.66196584701538
1816,True,47,17,7,27.937711238861084
1817,True,50,16,6,27.418689727783203
1818,True,48,6,1,25.337528705596924
1819,True,43,6,2,26.405520915985107
1820,True,46,16,6,28.361753225326538
1821,True,41,23,10,29.718710899353027
1822,True,45,31,15,36.12410044670105
1823,True,44,10,3,27.420593976974487
1824,True,46,8,2,27.29607605934143
1825,True,46,21,9,26.85247039794922
1826,True,44,8,2,25.293007612228394
1827,True,43,47,23,37.05122756958008
1828,True,48,46,22,32.483482122421265
1829,True,26,436,216,194.74887013435364
1830,True,46,5,1,25.576406240463257
1831,True,45,7,2,26.51488423347473
1832,True,46,7,2,25.898293018341064
1833,True,47,11,4,28.78042435646057
1834,True,42,26,10,30.961286544799805
1835,True,45,52,25,33.19854116439819
1836,True,44,20,9,30.606618642807007
1837,True,42,14,4,27.70825743675232
1838,True,47,15,6,30.120956897735596
1839,True,40,21,9,30.163121223449707
1840,True,51,18,6,27.501789093017578
1841,True,49,27,13,31.307839155197144
1842,True,46,11,4,28.314292669296265
1843,True,46,15,7,31.135841846466064
1844,True,44,7,2,26.79101252555847
1845,True,46,3,0,26.33759593963623
1846,True,49,8,2,26.399025201797485
1847,True,48,7,2,27.225006818771362
1848,True,43,7,2,28.509413719177246
1849,True,47,35,16,31.638112545013428
1850,True,44,28,12,31.163878440856934
1851,True,47,18,8,32.615949630737305
1852,True,29,136,65,52.05146360397339
1853,True,48,20,8,30.367342233657837
1854,True,48,15,5,27.520512342453003
1855,True,43,12,4,28.53719401359558
1856,True,29,262,127,69.71195101737976
1857,True,44,14,6,28.900480031967163
1858,True,48,7,2,26.137104511260986
1859,True,45,8,3,26.485732555389404
1860,True,51,22,10,29.150965690612793
1861,True,46,21,10,30.487903118133545
1862,True,46,20,8,28.62188959121704
1863,True,50,3,0,25.256338596343994
1864,True,41,40,17,36.623530864715576
1865,True,45,20,9,29.58514380455017
1866,True,48,15,6,27.624396085739136
1867,True,49,21,9,28.22929573059082
1868,True,44,26,12,29.921756505966187
1869,True,44,29,13,32.215731143951416
1870,True,45,29,12,28.165607690811157
1871,True,49,13,5,28.80500626564026
1872,True,46,2,0,25.3813738822937
1873,True,44,26,11,31.978691816329956
1874,True,45,40,18,34.4089879989624
1875,True,39,2,0,24.845176219940186
1876,True,44,13,4,27.813851594924927
1877,True,47,41,19,35.0466628074646
1878,True,45,20,9,28.808385848999023
1879,True,43,17,7,30.489276885986328
1880,True,39,36,17,29.827556371688843
1881,True,49,13,5,26.697291135787964
1882,True,45,8,3,28.33785915374756
1883,True,48,17,6,27.874091386795044
1884,True,46,14,4,27.155317544937134
1885,True,45,11,4,28.957348823547363
1886,True,43,26,12,28.083357095718384
1887,True,49,4,0,25.271423816680908
1888,True,45,12,5,28.748642921447754
1889,True,45,15,7,30.57258915901184
1890,True,45,39,18,31.47633695602417
1891,True,46,50,23,31.878699779510498
1892,True,50,13,5,27.790615558624268
1893,True,43,15,6,26.944493770599365
1894,True,45,14,5,26.31094717979431
1895,True,48,8,2,26.434180736541748
1896,True,46,3,0,25.75864291191101
1897,True,46,27,12,31.543230533599854
1898,True,48,25,10,28.482460975646973
1899,True,45,12,4,28.110732555389404
1900,True,42,26,12,31.613675355911255
1901,True,46,10,4,28.15199112892151
1902,True,46,31,14,32.738476276397705
1903,True,43,12,5,28.872743844985962
1904,True,44,48,23,42.052284955978394
1905,True,49,21,9,29.764978170394897
1906,True,45,33,15,31.09411120414734
1907,True,46,43,21,39.72316908836365
1908,True,46,13,5,29.63841462135315
1909,True,47,12,4,26.661832571029663
1910,True,44,49,23,38.77174639701843
1911,True,47,9,3,27.35160183906555
1912,True,40,10,4,28.004035472869873
1913,True,48,17,7,28.79555654525757
1914,True,43,14,5,29.058729887008667
1915,True,49,17,6,28.328185319900513
1916,True,47,18,7,29.114474534988403
1917,True,48,17,7,28.810657024383545
1918,True,44,2,0,25.7108256816864
1919,True,49,2,0,25.890092849731445
1920,True,28,8,1,25.94009780883789
1921,True,47,27,12,32.64446234703064
1922,True,51,9,3,27.163241863250732
1923,True,47,10,4,27.012227296829224
1924,True,47,30,13,30.87924289703369
1925,True,46,6,2,26.82521963119507
1926,True,43,35,17,37.081486225128174
1927,True,49,5,0,26.027419567108154
1928,True,48,22,10,28.541210889816284
1929,True,48,13,6,28.66813564300537
1930,True,46,10,3,27.102484464645386
1931,True,45,16,5,26.974034547805786
1932,True,43,7,1,26.542229890823364
1933,True,47,3,0,25.1951904296875
1934,True,47,24,10,29.01478886604309
1935,True,51,12,5,28.322740077972412
1936,True,42,28,13,31.009117126464844
1937,True,47,52,25,35.138272762298584
1938,True,56,19,8,28.25739312171936
1939,True,46,18,7,28.33613681793213
1940,True,43,27,12,32.3482985496521
1941,True,45,42,19,33.139246463775635
1942,True,45,4,0,25.986559629440308
1943,True,28,27,12,33.975621700286865
1944,True,43,6,0,25.795918464660645
1945,True,44,29,13,30.057557582855225
1946,True,43,12,4,26.92730474472046
1947,True,43,20,9,32.10287642478943
1948,True,45,39,17,35.26563549041748
1949,True,47,22,9,31.69486379623413
1950,True,49,6,2,26.313688278198242
1951,True,39,26,12,32.366015672683716
1952,True,42,71,35,42.7620530128479
1953,True,48,39,18,33.48203706741333
1954,True,44,48,22,31.718549489974976
1955,True,44,7,0,26.440848112106323
1956,True,41,10,4,30.68689727783203
1957,True,47,3,0,25.518728733062744
1958,True,40,8,2,26.360952854156494
1959,True,45,12,5,28.972718238830566
1960,True,27,13,3,25.63756489753723
1961,True,42,8,2,27.707056999206543
1962,True,41,20,8,29.661713123321533
1963,True,30,11,3,29.18775463104248
1964,True,42,81,40,46.041897773742676
1965,True,30,62,29,62.08702826499939
1966,True,43,16,6,28.277798175811768
1967,True,41,30,14,34.75816893577576
1968,True,47,18,7,27.455835342407227
1969,True,51,38,18,32.435542345047
1970,True,27,15,6,32.356494665145874
1971,True,27,15,6,31.87724804878235
1972,True,47,17,7,30.70000696182251
1973,True,30,29,14,31.86527943611145
1974,True,32,22,9,32.0468647480011
1975,True,43,18,7,29.118210554122925
1976,True,44,88,41,52.55791139602661
1977,True,47,14,6,28.2941792011261
1978,True,42,5,1,26.696820974349976
1979,True,48,5,1,25.876867294311523
1980,True,43,7,2,27.748056173324585
1981,True,38,52,24,46.475011587142944
1982,True,46,13,5,28.376296043395996
1983,True,47,4,1,26.003246784210205
1984,True,46,13,5,27.300150871276855
1985,True,45,4,1,25.43674612045288
1986,True,45,18,7,29.154065132141113
1987,True,38,27,12,33.92014956474304
1988,True,41,3,0,25.526483297348022
1989,True,48,8,1,27.01279592514038
1990,True,29,197,96,103.92477035522461
1991,True,42,6,2,27.11682629585266
1992,True,47,7,0,25.296568870544434
1993,True,38,35,15,34.91581058502197
1994,True,45,9,2,25.871675968170166
1995,True,28,30,13,29.71562123298645
1996,True,48,11,3,26.490087509155273
1997,True,45,41,19,33.886913776397705
1998,True,28,62,29,45.961336612701416
1999,True,36,16,6,30.15833806991577
2000,True,43,18,6,30.02844762802124
2001,True,36,33,15,34.93918061256409
2002,True,36,2,0,26.114558935165405
2003,True,36,9,3,25.750688314437866
2004,True,50,25,11,33.09806299209595
2005,True,36,19,8,30.419869661331177
2006,True,36,40,18,35.28528928756714
2007,True,36,42,19,34.2117223739624
2008,True,48,12,4,26.33918285369873
2009,True,36,2,0,26.16468596458435
2010,True,36,11,5,28.512436151504517
2011,True,36,6,1,26.704654693603516
2012,True,36,24,9,37.51125144958496
2013,True,40,131,63,52.49282145500183
2014,True,50,27,10,31.064093112945557
2015,True,36,30,14,32.67375731468201
2016,True,36,29,13,36.05462169647217
2017,True,36,8,2,25.8137366771698
2018,True,36,22,10,30.424925565719604
2019,True,36,51,25,48.70199227333069
2020,True,43,40,18,30.825729608535767
2021,True,47,20,7,27.75701141357422
2022,True,36,18,7,28.22965359687805
2023,True,36,39,19,42.398229360580444
2024,True,36,18,8,31.62055253982544
2025,True,36,99,48,51.68371105194092
2026,True,36,17,7,27.970560550689697
2027,True,45,24,11,28.36117911338806
2028,True,41,13,5,29.188321590423584
2029,True,36,36,17,37.26780319213867
2030,True,36,21,10,30.623921394348145
2031,True,36,4,0,26.117987155914307
2032,True,41,16,7,28.7126567363739
2033,True,44,35,15,33.62588691711426
2034,True,47,39,18,34.97697591781616
2035,True,28,117,56,58.93285846710205
2036,True,28,16,7,29.986056089401245
2037,True,28,63,31,41.56853652000427
2038,True,41,11,4,28.870962142944336
2039,True,28,16,7,29.454657077789307
2040,True,28,46,21,35.48388624191284
2041,True,28,40,18,35.908395528793335
2042,True,46,11,4,26.200473070144653
2043,True,42,6,2,25.398991107940674
2044,True,44,11,4,28.730178594589233
2045,True,42,14,5,28.777084589004517
2046,True,46,19,8,29.25222682952881
2047,True,43,7,3,26.727696657180786
2048,True,47,9,2,27.423282146453857
2049,True,49,75,36,44.37760543823242
2050,True,46,13,4,27.25794005393982
2051,True,47,21,9,29.940518140792847
2052,True,43,16,7,28.9676992893219
2053,True,30,218,107,74.81447649002075
2054,True,30,10,3,26.96564483642578
2055,True,46,39,16,32.908377170562744
2056,True,45,10,3,28.23866081237793
2057,True,40,6,2,28.192702770233154
2058,True,46,6,1,25.59517002105713
2059,True,47,7,1,25.928441524505615
2060,True,43,26,10,28.277496576309204
2061,True,44,47,21,32.70685839653015
2062,True,40,24,11,31.452895164489746
2063,True,42,95,45,52.610312938690186
2064,True,46,32,15,34.244590044021606
2065,True,47,6,2,26.880855321884155
2066,True,38,5,1,26.4992094039917
2067,True,30,5,1,26.033512592315674
2068,True,46,17,7,28.533868074417114
2069,True,43,17,8,29.644986629486084
2070,True,30,303,148,116.58616900444031
2071,True,44,15,6,27.406175136566162
2072,True,46,25,11,29.871995449066162
2073,True,42,11,4,28.962844610214233
2074,True,42,17,6,29.03487730026245
2075,True,44,60,27,38.984578371047974
2076,True,48,68,32,38.13468027114868
2077,True,28,51,24,37.999802112579346
2078,True,43,10,3,26.23404622077942
2079,True,45,20,9,33.244338274002075
2080,True,43,5,2,27.833577871322632
2081,True,31,46,21,51.13523578643799
2082,True,30,46,21,38.153526067733765
2083,True,44,26,12,34.64496302604675
2084,True,45,56,26,39.88441610336304
2085,True,44,11,4,28.094553470611572
2086,True,44,6,2,27.014645099639893
2087,True,50,14,6,27.26242756843567
2088,True,41,15,6,31.298904418945312
2089,True,25,106,51,63.551180362701416
2090,True,43,47,22,34.84614849090576
2091,True,46,57,28,38.91768956184387
2092,True,29,14,4,26.820847749710083
2093,True,44,43,20,33.76734447479248
2094,True,45,20,8,29.426974296569824
2095,True,46,43,20,31.803869009017944
2096,True,47,20,7,30.407878160476685
2097,True,44,11,3,28.78028631210327
2098,True,44,33,16,33.313263177871704
2099,True,45,7,3,28.19089913368225
2100,True,45,34,16,33.69821047782898
2101,True,45,21,9,30.638551235198975
2102,True,45,12,3,27.34890079498291
2103,True,50,8,3,26.40764045715332
2104,True,28,10,3,26.94781804084778
2105,True,28,10,3,26.972952842712402
2106,True,39,16,7,27.969528198242188
2107,True,30,58,27,44.326788663864136
2108,True,47,65,31,44.44417762756348
2109,True,44,31,13,29.485868215560913
2110,True,43,13,5,28.065425634384155
2111,True,44,6,2,28.40256357192993
2112,True,41,102,49,50.461538791656494
2113,True,38,125,62,40.546300411224365
2114,True,30,149,73,61.04187631607056
2115,True,30,40,18,36.51326084136963
2116,True,30,46,22,35.843852043151855
2117,True,47,20,9,31.51534128189087
2118,True,49,9,3,28.00839328765869
2119,True,41,120,58,52.586834192276
2120,True,43,8,3,28.22710084915161
2121,True,45,8,2,26.37690544128418
2122,True,43,37,17,38.31579399108887
2123,True,46,46,21,35.13085627555847
2124,True,38,74,35,51.19115662574768
2125,True,31,38,18,31.239293575286865
2126,True,46,38,17,30.29888916015625
2127,True,41,21,9,31.150595664978027
2128,True,30,98,47,50.68089723587036
2129,True,47,7,1,24.80598735809326
2130,True,29,62,29,40.4548225402832
2131,True,29,299,147,73.40793466567993
2132,True,29,25,11,32.664238929748535
2133,True,29,16,6,27.899327039718628
2134,True,44,12,5,29.730366945266724
2135,True,42,14,5,26.800594329833984
2136,True,43,2,0,24.65408182144165
2137,True,38,17,6,30.120850324630737
2138,True,43,5,1,26.17672634124756
2139,True,45,24,11,32.6673526763916
2140,True,30,161,79,74.4603180885315
2141,True,30,159,78,77.45434069633484
2142,True,46,63,29,34.19111156463623
2143,True,46,18,7,30.474088668823242
2144,True,30,4,1,26.42320990562439
2145,True,30,23,11,33.31125998497009
2146,True,46,5,1,26.50641179084778
2147,True,30,11,5,26.661104440689087
2148,True,46,11,4,28.123567581176758
2149,True,42,22,8,30.84209442138672
2150,True,43,7,2,26.448938608169556
2151,True,42,5,0,26.091480493545532
2152,True,49,21,9,28.36007022857666
2153,True,44,5,1,27.17334794998169
2154,True,43,7,2,26.543662071228027
2155,True,43,127,61,47.27001333236694
2156,True,45,39,18,33.6588819026947
2157,True,39,6,2,28.1881206035614
2158,True,28,52,23,42.83241415023804
2159,True,43,21,9,31.384185791015625
2160,True,46,8,2,28.38515615463257
2161,True,48,12,4,28.048991680145264
2162,True,48,89,42,40.84605550765991
2163,True,28,3,1,26.281134843826294
2164,True,46,10,4,28.470378637313843
2165,True,49,35,17,32.14280390739441
2166,True,44,39,18,32.533071517944336
2167,True,41,4,1,26.845167636871338
2168,True,43,3,0,26.340497970581055
2169,True,30,145,69,59.72631049156189
2170,True,44,5,2,27.734339237213135
2171,True,41,14,6,30.121653079986572
2172,True,50,10,3,27.57082200050354
2173,True,43,18,7,28.253040552139282
2174,True,42,34,15,31.12178635597229
2175,True,49,8,2,26.359252452850342
2176,True,48,4,1,26.914574146270752
2177,True,45,13,4,27.477031469345093
2178,True,43,25,11,32.30129289627075
2179,True,49,46,22,32.433183670043945
2180,True,27,7,1,26.13595175743103
2181,True,45,39,17,31.368263721466064
2182,True,41,3,0,25.428346395492554
2183,True,45,12,4,28.842674493789673
2184,True,42,7,2,27.372759580612183
2185,True,46,81,38,42.20371961593628
2186,True,29,335,166,138.22150254249573
2187,True,45,13,6,28.323769569396973
2188,True,45,4,0,24.993568420410156
2189,True,45,49,24,38.59123110771179
2190,True,47,5,1,26.3751163482666
2191,True,28,50,23,38.101715326309204
2192,True,43,19,7,29.15974712371826
2193,True,40,34,16,32.37415671348572
2194,True,31,8,2,26.333210229873657
2195,True,46,20,7,27.509694814682007
2196,True,47,22,10,28.901294231414795
2197,True,46,29,14,33.825663566589355
2198,True,44,25,12,31.730706691741943
2199,True,48,6,2,27.321288108825684
2200,True,51,5,1,25.974960803985596
2201,True,46,12,5,29.02089762687683
2202,True,52,15,7,28.573917627334595
2203,True,46,7,3,27.014108419418335
2204,True,43,10,3,27.821040391921997
2205,True,48,16,7,29.693872451782227
2206,True,46,14,5,28.547808408737183
2207,True,47,6,2,27.20287561416626
2208,True,46,17,7,29.210252046585083
2209,True,39,79,38,41.97537636756897
2210,True,46,22,10,29.054489612579346
2211,True,47,4,0,26.26738667488098
2212,True,43,51,25,35.46086072921753
2213,True,57,15,6,27.720560789108276
2214,True,43,13,5,28.395981311798096
2215,True,43,15,6,29.667568922042847
2216,True,49,23,11,30.026748418807983
2217,True,41,66,32,35.21674180030823
2218,True,47,16,6,28.574135780334473
2219,True,42,19,8,28.4585862159729
2220,True,40,22,10,29.07884693145752
2221,True,46,18,7,27.12008547782898
2222,True,46,16,6,27.80672001838684
2223,True,47,3,0,25.65900731086731
2224,True,48,14,6,29.289720058441162
2225,True,47,17,6,28.985679388046265
2226,True,48,35,16,37.0631103515625
2227,True,50,15,6,28.645649433135986
2228,True,45,31,14,32.41477847099304
2229,True,52,36,17,32.62555718421936
2230,True,50,21,9,31.750038146972656
2231,True,45,14,6,28.26702857017517
2232,True,45,46,21,38.38566040992737
2233,True,40,14,6,32.05732583999634
2234,True,45,109,53,55.627742528915405
2235,True,49,19,8,30.235591888427734
2236,True,41,64,31,49.03330898284912
2237,True,44,11,4,28.72418236732483
2238,True,45,2,0,26.27182650566101
2239,True,46,17,7,32.16357088088989
2240,True,48,16,6,28.3495352268219
2241,True,42,8,3,27.87116050720215
2242,True,43,27,12,33.03501319885254
2243,True,49,10,4,26.94698429107666
2244,True,45,3,0,26.201242446899414
2245,True,30,26,12,31.142585039138794
2246,True,45,32,14,32.58753418922424
2247,True,43,8,3,27.146563291549683
2248,True,46,11,4,28.440964937210083
2249,True,50,19,8,29.474586725234985
2250,True,45,7,2,25.97256588935852
2251,True,45,14,6,29.28699564933777
2252,True,43,7,2,26.376701831817627
2253,True,49,8,2,28.234827518463135
2254,True,44,9,3,27.078372716903687
2255,True,48,18,8,29.059210062026978
2256,True,49,16,7,27.79712724685669
2257,True,43,35,16,38.57175374031067
2258,True,44,20,9,29.14194917678833
2259,True,43,82,39,40.763230323791504
2260,True,49,7,1,26.37213134765625
2261,True,43,4,1,26.293176651000977
2262,True,45,13,4,28.551944494247437
2263,True,43,39,19,40.12877058982849
2264,True,44,9,3,26.453147411346436
2265,True,48,13,4,26.913064002990723
2266,True,44,14,6,27.945836305618286
2267,True,49,21,9,28.31409525871277
2268,True,50,24,11,30.20836305618286
2269,True,45,57,27,37.97265696525574
2270,True,46,6,1,27.132791996002197
2271,True,46,22,10,29.899011611938477
2272,True,44,9,2,26.75660729408264
2273,True,39,12,5,30.764258861541748
2274,True,46,7,1,26.326667547225952
2275,True,43,11,5,29.03996443748474
2276,True,47,33,15,33.595383644104004
2277,True,43,25,10,30.923660039901733
2278,True,46,8,2,27.577513933181763
2279,True,45,10,3,27.1577627658844
2280,True,42,26,11,33.048771381378174
2281,True,48,20,9,29.61096954345703
2282,True,51,4,0,26.18884825706482
2283,True,45,29,13,32.705204486846924
2284,True,46,19,8,28.767226934432983
2285,True,43,28,12,29.320578575134277
2286,True,40,12,5,28.559946060180664
2287,True,43,2,0,26.949968099594116
2288,True,48,20,9,30.109644174575806
2289,True,42,11,4,26.793059825897217
2290,True,43,7,2,27.408055067062378
2291,True,43,7,1,26.55046796798706
2292,True,47,8,2,27.374813318252563
2293,True,44,7,1,26.064124822616577
2294,True,46,24,10,31.50708842277527
2295,True,50,59,28,33.33948230743408
2296,True,50,18,7,26.871654510498047
2297,True,49,15,4,27.040420293807983
2298,True,45,35,16,32.43947649002075
2299,True,44,5,2,26.807005405426025
2300,True,44,23,10,28.404026746749878
2301,True,45,28,12,30.89704394340515
2302,True,42,42,19,35.96002769470215
2303,True,47,21,9,27.38934826850891
2304,True,45,22,8,28.730984210968018
2305,True,47,20,8,29.05346965789795
2306,True,50,18,6,27.480154514312744
2307,True,43,13,4,26.751495122909546
2308,True,44,12,5,28.02855396270752
2309,True,40,23,10,31.290565729141235
2310,True,44,8,3,27.139186143875122
2311,True,49,39,18,33.11504101753235
2312,True,43,23,9,28.393104553222656
2313,True,40,154,75,63.680670976638794
2314,True,51,11,4,27.247624397277832
2315,True,49,5,1,25.247185230255127
2316,True,51,18,8,28.619136333465576
2317,True,48,19,7,29.911566972732544
2318,True,48,35,16,33.495620250701904
2319,True,48,12,5,28.815460205078125
2320,True,47,7,2,26.01411247253418
2321,True,53,5,0,25.62319326400757
2322,True,49,13,6,30.027467250823975
2323,True,47,27,12,30.699901342391968
2324,True,46,9,3,27.618123531341553
2325,True,44,19,6,28.26776933670044
2326,True,44,6,2,29.249022483825684
2327,True,50,39,18,31.49950933456421
2328,True,45,7,3,26.270941019058228
2329,True,49,54,26,38.667941093444824
2330,True,45,10,3,26.356763124465942
2331,True,45,8,3,25.742760181427002
2332,True,46,44,21,34.239606618881226
2333,True,43,4,1,25.920207500457764
2334,True,45,28,12,31.60790991783142
2335,True,47,11,3,28.926575183868408
2336,True,43,3,1,26.160967111587524
2337,True,43,10,4,27.20518207550049
2338,True,50,5,1,26.740925073623657
2339,True,48,22,10,30.30258870124817
2340,True,46,24,11,31.94997811317444
2341,True,49,19,7,27.008750677108765
2342,True,44,29,14,33.618929862976074
2343,True,48,5,0,25.728699207305908
2344,True,47,48,22,36.4761528968811
2345,True,46,38,17,35.01011037826538
2346,True,50,12,4,27.700082778930664
2347,True,41,10,4,30.300617933273315
2348,True,40,34,15,30.748863458633423
2349,True,45,15,6,22.231008529663086
2350,True,42,49,23,27.884494304656982
2351,True,48,21,9,22.20432710647583
2352,True,45,26,12,23.41970920562744
2353,True,52,34,16,25.715261936187744
2354,True,44,11,5,20.918240547180176
2355,True,46,27,11,22.60298204421997
2356,True,48,11,4,20.657403230667114
2357,True,42,6,2,20.686294078826904
2358,True,46,22,9,23.32569980621338
2359,True,41,15,7,23.577239751815796
2360,True,51,9,3,21.119940042495728
2361,True,45,20,8,21.953786849975586
2362,True,51,21,9,23.27987027168274
2363,True,46,11,4,20.793257474899292
2364,True,41,4,1,20.029815912246704
2365,True,42,30,12,23.179599046707153
